employee_id,birth_date,gender,marital_status,education_level,university,specialization,languages,address,emergency_contact,emergency_phone,base_salary,bonus_rate,vacation_days,sick_days,probation_end,last_review_date,next_review_date
1,1993-12-18,Ч,Розлучений/а,Магістр,Львівська політехніка,Дипломат,"['Польська', 'Англійська']","набережна Вернидуба, буд. 889, Тараща, 20348",Аніта Рябченко,+380 11 361-77-89,50204.95,0.13,18,3,2021-08-31,2021-08-11,2025-03-19 01:32:44.038701
2,1986-01-10,Ж,Розлучений/а,Бакалавр,Національний авіаційний університет,Дантист,['Польська'],"провулок 17-та Лінія 6-й ст. Люстдорфської дороги, буд. 7 кв. 0, Вознесенськ, 80079",Софія Ісаєнко,+380 40 440-18-41,31603.24,0.07,18,7,2021-01-25,2020-11-30,2025-02-16 01:32:44.038701
3,2001-08-18,Ч,Одружений/а,Середня,Вінницький національний технічний університет,,"['Англійська', 'Польська', 'Німецька']","площа Князя Володимира Великого , буд. 821, Багачеве, 08794",Віолетта Шморгун,139-21-30,20136.44,0.15,21,8,2024-12-23,2024-10-24,2025-04-30 01:32:44.038701
4,1997-10-15,Ч,Розлучений/а,PhD,Національний університет «Києво-Могилянська академія»,Правник,['Німецька'],"парк Компасний, буд. 41 кв. 248, Чернігів, 68442",Іваненко Владислав Орхипович,248 85 84,22870.0,0.18,21,6,2023-03-27,2024-02-17,2025-03-28 01:32:44.038701
5,2002-07-08,Ж,Одружений/а,Магістр,Херсонський державний університет,Складальник,"['Польська', 'Англійська', 'Українська']","площа Тінистий, буд. 8, Іршава, 34669",Галина Якимчук,+380 03 019-13-77,55076.15,0.16,18,1,2020-08-23,2020-10-09,2025-02-22 01:32:44.038701
6,1969-12-17,Ж,Розлучений/а,Бакалавр,Національний авіаційний університет,Детектив,['Англійська'],"сквер Станційна 3-тя, буд. 79, Маріуполь, 87561",Аніта Затовканюк,+380 24 136-31-84,29696.49,0.1,21,3,2024-05-23,2024-05-25,2025-02-25 01:32:44.038701
7,1999-02-07,Ч,Одружений/а,PhD,Херсонський державний університет,Футболіст,"['Українська', 'Німецька']","набережна Хвойний, буд. 43, Белз, 15769",Степан Симоненко,446-42-74,25213.9,0.2,22,5,2022-08-11,2024-06-08,2025-04-29 01:32:44.038701
8,1968-06-07,Ч,Неодружений/а,Магістр,Івано-Франківський національний технічний університет нафти і газу,Прокурор,"['Англійська', 'Польська', 'Німецька']","вулиця Супутників, буд. 2 кв. 0, Пологи, 47703",Семен Дрозденко,124 31 33,79666.8,0.06,22,6,2022-02-17,2022-10-30,2025-05-31 01:32:44.038701
9,1999-11-30,Ч,Одружений/а,PhD,Національний технічний університет України «Київський політехнічний інститут імені Ігоря Сікорського»,М'ясник,"['Українська', 'Польська', 'Англійська']","парк Водопровідна, буд. 03, Вовчанськ, 35824",пан Алевтин Бебешко,+380 (29) 692-70-01,20006.87,0.11,20,6,2025-02-22,2024-12-17,2025-05-23 01:32:44.038701
10,2003-04-11,Ж,Неодружений/а,Бакалавр,Львівська політехніка,,['Польська'],"узвіз Злакова, буд. 260 кв. 772, Скалат, 54273",Христина Назаренко,574 72 48,69072.23,0.16,24,8,2023-11-04,2024-06-29,2025-06-05 01:32:44.038701
11,1977-08-20,Ч,Розлучений/а,Бакалавр,Донецький національний університет імені Василя Стуса,,['Українська'],"площа Нерубайська, буд. 704, Горішні Плавні, 58838",Аарон Євтушок,+380 18 600 98 47,60095.12,0.09,24,10,2022-01-17,2023-05-09,2025-03-20 01:32:44.038701
12,1993-07-11,Ч,Одружений/а,Середня,Харківський національний технічний університет сільського господарства імені Петра Василенка,,"['Українська', 'Англійська', 'Німецька']","сквер Новиков міст, буд. 89 кв. 137, Селидове, 36232",Сергій Яремків,+380 (56) 217-68-10,24817.26,0.1,24,9,2020-04-07,2023-12-21,2025-02-16 01:32:44.038701
13,1996-12-11,Ж,Неодружений/а,Бакалавр,Тернопільський національний технічний університет імені Івана Пулюя,Головний меркшейдер,"['Німецька', 'Англійська', 'Українська']","вулиця Стрийський, буд. 9, П'ятихатки, 35529",Леон Абрагамовський,+380 (47) 672-10-56,29437.33,0.13,24,9,2022-05-06,2023-05-04,2025-03-02 01:32:44.038701
14,1991-02-11,Ч,Розлучений/а,PhD,Тернопільський національний технічний університет імені Івана Пулюя,Кіноактор,['Англійська'],"сквер Просвіти, буд. 709, Сквира, 04722",Олесь Лаба,028 513-47-40,25845.78,0.18,18,0,2021-12-19,2023-10-31,2025-05-16 01:32:44.038701
15,1982-04-23,Ч,Неодружений/а,Середня,Одеський національний медичний університет,Продюсер,"['Англійська', 'Польська']","площа Ольгіївський узвіз, буд. 86 кв. 2, Тростянець, 90706",Семен Ткач,001 612-66-13,29009.88,0.1,20,9,2024-05-06,2024-10-23,2025-06-15 01:32:44.038701
16,2007-01-09,Ч,Одружений/а,Магістр,Вінницький національний технічний університет,Парфюмер,"['Польська', 'Англійська', 'Німецька']","площа Флотський 1-й, буд. 8, Радивилів, 09167",Алла Нестеренко,+380 88 717-84-57,18165.17,0.1,19,2,2022-08-19,2023-04-18,2025-03-01 01:32:44.038701
17,1997-05-13,Ж,Неодружений/а,Магістр,Національний технічний університет України «Київський політехнічний інститут імені Ігоря Сікорського»,Нотаріус,['Англійська'],"сквер Люстдорфська дорога, буд. 5 кв. 82, Вуглегірськ, 32507",Варвара Шахрай,802-12-28,27502.13,0.18,19,4,2024-10-17,2024-11-21,2025-03-14 01:32:44.038701
18,1978-08-23,Ж,Одружений/а,Бакалавр,Сумський державний університет,Мистецтвознавець,['Англійська'],"набережна Госпітальєрів, буд. 419, Барвінкове, 08528",Володимира Артим,+380 46 295-08-53,21981.6,0.16,20,1,2024-06-23,2024-11-08,2025-04-09 01:32:44.038701
19,2004-05-09,Ч,Одружений/а,Бакалавр,Сумський державний університет,,"['Англійська', 'Українська']","шосе Вітчизняна, буд. 427, Привілля, 92805",Азар Андрійович,559-25-41,15554.78,0.06,21,6,2024-04-14,2024-06-15,2025-04-24 01:32:44.038701
20,1961-03-06,Ж,Розлучений/а,Середня,Львівський національний медичний університет імені Данила Галицького,Продюсер,['Англійська'],"вулиця Рівності 2-й, буд. 0, Хутір-Михайлівський, 24552",Розалія Демʼянюк,166-91-31,28333.04,0.14,24,5,2024-08-12,2024-07-30,2025-02-11 01:32:44.038701
21,1981-09-01,Ж,Неодружений/а,PhD,Національний авіаційний університет,Ботанік,['Польська'],"парк Шота Руставелі, буд. 2 кв. 85, Яворів, 68307",Верес Юстим Августинович,129 17 46,20650.42,0.14,21,9,2021-05-03,2024-03-08,2025-04-18 01:32:44.038701
22,2000-10-21,Ж,Розлучений/а,PhD,Харківський національний педагогічний університет імені Г. С. Сковороди,Фізик,['Українська'],"площа Михайла Слабченка, буд. 611 кв. 3, Бровари, 96125",Оксенія Ващук,+380 30 439-23-27,27514.15,0.05,19,8,2023-04-22,2024-07-29,2025-06-23 01:32:44.038701
23,1993-10-02,Ч,Розлучений/а,Середня,Харківський національний медичний університет,Педагог,"['Німецька', 'Англійська', 'Польська']","парк Восьмого березня 6-й, буд. 177 кв. 232, Берегове, 52250",пан Данило Акуленко,+380 24 883 83 60,34712.98,0.08,18,6,2020-06-18,2023-01-03,2025-02-06 01:32:44.038701
24,1979-06-05,Ч,Неодружений/а,Магістр,Полтавський державний медичний університет,,['Англійська'],"узвіз Рельєфна, буд. 45, Хуст, 19790",Роксолана Базавлученко,055 927 37 20,15681.77,0.1,23,5,2021-11-09,2024-06-11,2025-05-24 01:32:44.038701
25,1990-01-26,Ч,Одружений/а,Бакалавр,Запорізький національний університет,Електрослюсар,"['Англійська', 'Польська', 'Українська']","провулок Чорноморський 10-й, буд. 48, Кіцмань, 72964",Стельмах Амвросій Захарович,010 939-70-00,49132.05,0.19,18,6,2022-08-16,2023-09-25,2025-02-28 01:32:44.038701
26,1991-12-26,Ч,Розлучений/а,Магістр,Одеський національний університет імені І. І. Мечникова,,['Німецька'],"площа Окружна, буд. 9, Городня, 58949",Маруся Лазаренко,+380 56 529-78-27,17190.68,0.07,20,7,2020-10-23,2022-02-14,2025-06-25 01:32:44.038701
27,1962-03-29,Ж,Розлучений/а,PhD,Івано-Франківський національний технічний університет нафти і газу,Художник,"['Українська', 'Польська']","провулок Віктора Скаржинського узвіз, буд. 954 кв. 2, Деражня, 09782",Амвросій Гунько,595-65-40,18432.61,0.19,18,3,2021-09-24,2022-07-11,2025-03-07 01:32:44.038701
28,1969-09-10,Ч,Неодружений/а,PhD,Національний університет «Києво-Могилянська академія»,Сценарист,"['Польська', 'Німецька']","вулиця Театральний, буд. 4 кв. 1, Красноперекопськ, 59484",Орися Шухевич,+380 50 128 93 88,19592.24,0.05,24,3,2021-03-13,2023-01-27,2025-03-02 01:32:44.038701
29,1997-12-21,Ж,Розлучений/а,PhD,Миколаївський національний університет імені В.О. Сухомлинського,Астронавт,"['Польська', 'Німецька']","провулок Сливовий, буд. 9, Полонне, 61972",Богуслава Парасюк,020 546-49-41,21622.67,0.15,24,1,2024-01-20,2024-04-01,2025-04-19 01:32:44.038701
30,1998-07-23,Ч,Розлучений/а,PhD,Донецький національний університет імені Василя Стуса,Географ,"['Українська', 'Польська', 'Англійська']","набережна Студентський 4-й, буд. 3, Ямпіль, 25642",Деряжна Орина Миронівна,+380 99 683-37-89,17185.27,0.07,18,1,2020-10-11,2024-05-31,2025-03-09 01:32:44.038701
31,1975-04-05,Ч,Розлучений/а,PhD,Харківський національний університет імені В. Н. Каразіна,Диригент,"['Англійська', 'Українська']","сквер Хаджибейський 1-й, буд. 74 кв. 190, Кремінна, 74662",Одарка Андріїшин,+380 03 961-15-40,15359.91,0.2,21,8,2024-03-31,2024-11-20,2025-03-08 01:32:44.038701
32,1962-01-20,Ч,Одружений/а,Бакалавр,Харківський національний медичний університет,,"['Англійська', 'Українська']","провулок Гіацинтовий, буд. 29 кв. 22, Заводське, 81079",Георгій Карпа,072 418-92-49,63698.53,0.2,19,4,2022-12-08,2023-08-30,2025-02-19 01:32:44.038701
33,1972-12-13,Ж,Одружений/а,Магістр,Херсонський державний університет,Провізор,['Українська'],"шосе Восьмого березня, буд. 838 кв. 671, Ворожба, 80119",Клавдія Радченко,007 949-46-44,26996.44,0.06,21,7,2022-05-21,2024-05-23,2025-06-25 01:32:44.038701
34,1988-02-12,Ч,Одружений/а,Бакалавр,Український державний університет залізничного транспорту,,['Німецька'],"сквер Овідіопольська, буд. 4 кв. 5, Ніжин, 79028",Варфоломій Дрозденко,+380 85 785 93 84,18413.0,0.17,23,6,2025-02-16,2024-12-02,2025-04-09 01:32:44.038701
35,1977-03-25,Ж,Розлучений/а,Бакалавр,Київський національний економічний університет імені Вадима Гетьмана,Каскадер,"['Німецька', 'Польська']","узвіз Цегельнозаводська, буд. 010 кв. 92, Нова Одеса, 76155",Парасюк Гордій Макарович,+380 76 712-50-52,27688.31,0.12,23,3,2024-12-19,2024-10-26,2025-02-13 01:32:44.038701
36,1985-10-21,Ж,Розлучений/а,PhD,Івано-Франківський національний технічний університет нафти і газу,Фармацевт,"['Польська', 'Українська', 'Німецька']","провулок Флотська, буд. 95, Новий Буг, 74771",Розалія Скопенко,071 340-51-16,62748.19,0.11,21,0,2024-04-03,2024-07-29,2025-05-02 01:32:44.038701
37,1996-01-24,Ч,Неодружений/а,Середня,Харківський національний педагогічний університет імені Г. С. Сковороди,Фольклорист,"['Англійська', 'Німецька']","проспект Рятувальників, буд. 3, Жовті Води, 27624",пан Августин Щириця,020 316-70-40,60902.28,0.15,18,1,2022-08-11,2022-12-30,2025-06-21 01:32:44.038701
38,1968-05-30,Ж,Неодружений/а,Бакалавр,Український державний університет залізничного транспорту,Кіноактор,"['Англійська', 'Німецька']","узвіз Флотський 2-й, буд. 28, Овруч, 45019",Тетяна Верхола,920 71 60,22829.75,0.1,21,6,2021-09-26,2021-09-29,2025-05-27 01:32:44.038701
39,1960-11-19,Ж,Неодружений/а,PhD,Національний авіаційний університет,,['Українська'],"провулок Зелена балка, буд. 3 кв. 888, Шаргород, 12429",пан Левко Данилюк,094 324 49 57,24244.06,0.08,23,1,2024-04-25,2024-09-05,2025-04-14 01:32:44.038701
40,1985-12-10,Ч,Неодружений/а,Бакалавр,Національний технічний університет України «Київський політехнічний інститут імені Ігоря Сікорського»,Секретар,"['Українська', 'Англійська']","узвіз Долинська, буд. 224 кв. 774, Суми, 69099",Леон Саєнко,085 882 51 49,26129.65,0.08,22,7,2024-07-20,2024-08-21,2025-02-24 01:32:44.038701
41,2002-12-26,Ч,Розлучений/а,Магістр,Одеський національний університет імені І. І. Мечникова,Державний службовець,['Німецька'],"парк Флейтовий, буд. 66 кв. 085, Самар, 12451",Соломія Їжак,+380 33 008-24-33,53276.47,0.11,23,2,2020-12-10,2021-10-20,2025-03-20 01:32:44.045853
42,1971-07-15,Ж,Одружений/а,PhD,Львівський національний університет імені Івана Франка,Електрослюсар,"['Німецька', 'Українська']","сквер Балтський 7-й, буд. 8, Миргород, 35623",Азар Рубан,+380 16 615 29 23,43122.46,0.17,23,0,2024-11-22,2024-09-19,2025-04-13 01:32:44.045853
43,1975-11-17,Ч,Одружений/а,PhD,Івано-Франківський національний медичний університет,Конструктор,"['Українська', 'Німецька', 'Англійська']","шосе Прорізна, буд. 7, Горохів, 79060",Віолетта Архимович,099 728 29 04,19255.78,0.09,20,2,2022-04-30,2022-06-17,2025-06-09 01:32:44.045853
44,1983-10-10,Ж,Неодружений/а,Середня,Київський національний університет імені Тараса Шевченка,Футболіст,"['Польська', 'Англійська', 'Українська']","набережна В’ячеслава Чорновола, буд. 146, Петрово-Красносілля, 89138",Франц Тригуб,+380 10 161-63-06,78667.21,0.11,20,4,2024-07-06,2024-11-19,2025-04-12 01:32:44.046247
45,1970-10-19,Ж,Розлучений/а,PhD,Харківський національний університет радіоелектроніки,,"['Українська', 'Англійська']","вулиця Лобачевського, буд. 4 кв. 146, Вуглегірськ, 53200",Альбіна Пустовіт,+380 07 089 01 60,26694.74,0.1,20,4,2024-08-27,2024-06-30,2025-03-11 01:32:44.046247
46,2003-07-10,Ч,Одружений/а,Магістр,Сумський державний університет,М'ясник,['Українська'],"шосе Верхня, буд. 43, Кривий Ріг, 53619",Андрусенко Орест Остапович,+380 74 280-89-56,17017.77,0.12,18,1,2025-01-02,2024-10-26,2025-02-22 01:32:44.046247
47,1978-08-12,Ч,Неодружений/а,Магістр,Дніпровський національний університет імені Олеся Гончара,Палеонтолог,['Польська'],"сквер Петра Болбочана, буд. 088 кв. 5, Бобровиця, 85116",пані Сніжана Яремко,092 055 97 89,15335.66,0.2,20,7,2023-08-15,2024-09-12,2025-05-02 01:32:44.046247
48,1962-05-07,Ж,Одружений/а,Бакалавр,Київський національний університет імені Тараса Шевченка,Кіноактор,['Польська'],"шосе Шампанський, буд. 682 кв. 539, Дебальцеве, 39111",Назар Ящук,885-41-98,16257.48,0.17,23,6,2023-04-30,2024-07-30,2025-06-26 01:32:44.046247
49,1965-06-02,Ч,Неодружений/а,Бакалавр,Національний університет «Києво-Могилянська академія»,,"['Німецька', 'Польська']","площа Лінія 47-ма, буд. 432, Рогатин, 39183",Аніта Демиденко,+380 (14) 455-55-38,25570.76,0.11,18,0,2021-06-18,2022-01-14,2025-05-01 01:32:44.047351
50,1982-06-04,Ж,Розлучений/а,Середня,Одеський національний політехнічний університет,Фермер,['Англійська'],"провулок Південно-Санаторний, буд. 874, Олешки, 89225",Назар Медведенко,+380 01 229-94-66,22845.16,0.1,21,2,2024-07-24,2024-09-27,2025-03-05 01:32:44.047351
51,1966-05-22,Ч,Одружений/а,Магістр,Український державний університет залізничного транспорту,Єгер,"['Німецька', 'Польська', 'Англійська']","провулок Прорізна, буд. 71 кв. 50, Святогірськ, 15679",Вікторія Романець,040 543-28-27,29399.74,0.1,23,9,2023-05-01,2024-07-03,2025-03-12 01:32:44.047351
52,2005-04-11,Ж,Неодружений/а,PhD,Національний гірничий університет,Пекар,"['Англійська', 'Німецька', 'Польська']","шосе Траса Здоров'я, буд. 4 кв. 432, Болехів, 82814",Герман Андрійчук,916-61-80,18583.61,0.07,18,1,2021-03-08,2023-09-08,2025-05-13 01:32:44.047351
53,1982-11-30,Ж,Одружений/а,Бакалавр,Харківський національний технічний університет сільського господарства імені Петра Василенка,,['Польська'],"шосе Чорноморська, буд. 92 кв. 783, Новогродівка, 54842",пані Ліза Дробʼязко,+380 46 192 79 24,25130.72,0.06,22,6,2023-07-02,2024-06-29,2025-04-02 01:32:44.047351
54,2002-08-30,Ж,Одружений/а,Магістр,Київський національний університет імені Тараса Шевченка,Громадський діяч,"['Англійська', 'Польська']","узвіз Флотська, буд. 619 кв. 4, Прилуки, 44481",Людмила Теліженко,+380 46 872-09-03,20957.25,0.1,24,1,2025-02-19,2024-12-30,2025-03-28 01:32:44.047351
55,2000-11-13,Ч,Неодружений/а,PhD,Львівська політехніка,Астроном,['Українська'],"набережна Кладовищенська, буд. 23 кв. 53, Буськ, 80258",Оксана Вахній,+380 31 542 52 06,52469.95,0.15,18,8,2022-05-18,2022-07-18,2025-05-06 01:32:44.047351
56,1984-02-16,Ж,Одружений/а,Середня,Український державний університет залізничного транспорту,,"['Англійська', 'Українська', 'Польська']","сквер Прохоровський, буд. 377, Вашківці, 93645",Пармен Непорожній,371 09 89,42129.57,0.09,23,1,2020-06-27,2024-09-06,2025-03-27 01:32:44.047351
57,1998-07-28,Ж,Розлучений/а,PhD,Полтавський державний медичний університет,,['Німецька'],"набережна Лінія 36-та, буд. 5, Суходільськ, 59999",Борислав Худобʼяк,993 96 71,18727.67,0.05,20,2,2023-09-19,2023-07-05,2025-06-20 01:32:44.047351
58,1967-10-11,Ж,Розлучений/а,PhD,Донецький національний університет імені Василя Стуса,Піаніст,"['Українська', 'Польська', 'Німецька']","проспект Бєлякова, буд. 00 кв. 75, Хоростків, 30598",Гордій Бабʼюк,327 46 30,21130.64,0.13,18,4,2021-01-08,2024-07-22,2025-04-15 01:32:44.047351
59,1980-03-24,Ж,Неодружений/а,Бакалавр,Національний медичний університет імені О.О. Богомольця,Скульптор,['Англійська'],"узвіз Геологічна, буд. 7, Христинівка, 70566",Гордій Артюшенко,+380 17 079 22 14,70014.95,0.08,20,5,2023-06-21,2024-01-21,2025-03-03 01:32:44.047351
60,1959-02-18,Ж,Неодружений/а,Середня,Одеський національний медичний університет,Географ,"['Українська', 'Німецька']","парк В'ячеслава Липинського, буд. 61, Алмазна, 94630",Марія Чабан,+380 55 437 77 48,29422.84,0.06,21,8,2021-06-20,2023-12-08,2025-05-12 01:32:44.048853
61,1967-05-03,Ч,Розлучений/а,PhD,Сумський державний університет,Електрослюсар,"['Українська', 'Польська', 'Німецька']","провулок В’ячеслава Чорновола, буд. 94 кв. 596, Глиняни, 41357",Вернидуб Марія Теодорівна,+380 47 152-90-87,20230.05,0.09,21,3,2022-09-28,2023-11-22,2025-03-03 01:32:44.048853
62,1980-05-23,Ч,Неодружений/а,Середня,Криворізький національний університет,Електрик,"['Німецька', 'Українська', 'Польська']","шосе Травневий, буд. 558 кв. 56, Полонне, 87317",Анжела Гайворонська,839 82 90,27866.71,0.1,18,5,2022-11-16,2023-03-07,2025-03-26 01:32:44.048853
63,1978-03-28,Ж,Розлучений/а,Середня,Полтавський державний медичний університет,,"['Англійська', 'Українська']","проспект Бузковий, буд. 693 кв. 7, Кіцмань, 70984",Данна Оробець,+380 (00) 553-76-13,67961.43,0.15,22,1,2021-08-17,2024-06-07,2025-06-11 01:32:44.048853
64,1970-09-14,Ж,Одружений/а,Середня,Одеський національний університет імені І. І. Мечникова,Художник,['Німецька'],"сквер Незалежності, буд. 026 кв. 02, Монастириська, 10234",Надія Вакарчук,+380 65 083-99-65,27126.52,0.14,19,5,2021-01-31,2023-06-09,2025-05-05 01:32:44.048853
65,1967-05-29,Ч,Неодружений/а,Середня,Львівський національний медичний університет імені Данила Галицького,,"['Англійська', 'Німецька', 'Українська']","узвіз Івана Франка, буд. 0 кв. 006, Охтирка, 92175",Ірина Левченко,+380 (79) 167-74-29,19839.91,0.08,20,0,2020-08-03,2024-09-01,2025-02-14 01:32:44.048853
66,1971-05-21,Ч,Неодружений/а,Середня,Тернопільський національний технічний університет імені Івана Пулюя,Кінолог,"['Польська', 'Німецька', 'Англійська']","узвіз Миколи Куліша, буд. 511 кв. 028, Заводське, 99271",пан Сергій Тихий,+380 51 335-46-73,69053.67,0.11,20,0,2023-06-17,2024-03-09,2025-05-19 01:32:44.048853
67,2001-06-07,Ж,Одружений/а,Магістр,Дніпровський національний технічний університет,Каскадер,"['Німецька', 'Польська', 'Українська']","набережна Менделе Сфоріма, буд. 22, Українськ, 99932",Тиха Златослава Тарасівна,+380 (91) 593-83-36,51502.97,0.12,18,0,2025-01-03,2024-11-29,2025-05-16 01:32:44.048853
68,1966-08-01,Ч,Одружений/а,Середня,Центральноукраїнський національний технічний університет,Економіст,"['Українська', 'Польська', 'Англійська']","шосе Моторна, буд. 21, Чорнобиль, 45765",Одарка Скирда,+380 23 832-42-92,23035.66,0.19,18,8,2023-09-22,2023-12-12,2025-04-23 01:32:44.048853
69,1988-03-26,Ж,Неодружений/а,Бакалавр,Національний університет «Києво-Могилянська академія»,Бухгалтер,"['Німецька', 'Англійська', 'Польська']","сквер Маршрутна, буд. 078, Рахів, 03067",Єфрем Опанасенко,041 794 20 97,20970.04,0.15,19,6,2024-02-29,2024-08-01,2025-02-13 01:32:44.049870
70,1969-09-04,Ч,Розлучений/а,Середня,Миколаївський національний університет імені В.О. Сухомлинського,,['Німецька'],"площа Аркаса Миколи, буд. 62, Волноваха, 68633",Романенко Теодор Трохимович,618-83-20,30752.4,0.2,22,3,2021-01-17,2022-09-21,2025-04-24 01:32:44.049870
71,1961-11-30,Ч,Розлучений/а,Магістр,Львівський національний університет імені Івана Франка,,"['Українська', 'Польська', 'Англійська']","провулок Вірського, буд. 327 кв. 7, Баранівка, 97955",Ірина Сімашкевич,253 08 29,57279.4,0.07,20,9,2022-07-06,2022-12-09,2025-02-08 01:32:44.049870
72,2000-08-09,Ж,Розлучений/а,PhD,Харківський національний педагогічний університет імені Г. С. Сковороди,Маркетолог,['Англійська'],"парк Східчастий, буд. 5, Синельникове, 17250",пан Альберт Кабалюк,794 21 54,72309.73,0.07,18,3,2023-02-26,2024-02-02,2025-04-01 01:32:44.049870
73,2006-07-09,Ч,Одружений/а,Бакалавр,Харківський національний медичний університет,,"['Англійська', 'Українська', 'Німецька']","сквер Скидановський узвіз, буд. 17 кв. 5, Конотоп, 78944",Максим Микитюк,+380 (45) 700-50-12,52107.98,0.1,21,5,2021-11-08,2022-08-11,2025-03-10 01:32:44.049870
74,1986-03-06,Ж,Неодружений/а,Магістр,Одеський національний політехнічний університет,Гірничий інженер,['Англійська'],"шосе Тупиковий 1-й, буд. 545, Гірник, 94846",Лілія Дубенко,004 216 28 87,20302.89,0.07,20,1,2024-04-01,2024-03-29,2025-06-12 01:32:44.049870
75,1990-04-11,Ч,Одружений/а,Середня,Чернівецький національний університет імені Юрія Федьковича,Слідчий,"['Українська', 'Англійська']","проспект Мазепи Івана, буд. 5 кв. 8, Гнівань, 59083",Ярина Андрусенко,+380 16 606-71-31,69307.44,0.13,20,7,2024-12-10,2024-12-07,2025-05-22 01:32:44.049870
76,1989-01-14,Ж,Одружений/а,PhD,Дніпровський національний технічний університет,Краєзнавець,"['Польська', 'Українська', 'Англійська']","вулиця Авіаторів, буд. 10 кв. 45, Остер, 85682",Альбіна Ґоляш,+380 (21) 696-80-81,59600.5,0.12,24,6,2025-02-09,2024-11-19,2025-03-17 01:32:44.049870
77,1999-12-20,Ж,Розлучений/а,Магістр,Національний медичний університет імені О.О. Богомольця,Випробувач,['Польська'],"шосе Миколи Вороного, буд. 007, Хорол, 81361",Федір Гаврилишин,660 07 82,28869.88,0.14,23,1,2024-07-19,2024-09-22,2025-05-11 01:32:44.049870
78,1966-07-21,Ч,Неодружений/а,Бакалавр,Одеський національний медичний університет,,"['Німецька', 'Польська', 'Англійська']","провулок Сосюри, буд. 5 кв. 675, Бахчисарай, 18202",Заєць Ліза Назарівна,+380 (44) 398-05-12,24318.27,0.09,21,0,2023-07-16,2024-02-23,2025-04-02 01:32:44.050868
79,1988-08-18,Ч,Розлучений/а,Магістр,Харківський національний медичний університет,,"['Польська', 'Українська']","набережна Отамана Чепіги, буд. 2, Ковель, 88378",Мирон Демʼянчук,+380 02 141 51 68,20325.55,0.1,21,0,2020-10-15,2021-07-19,2025-06-07 01:32:44.050868
80,1988-06-26,Ж,Розлучений/а,Бакалавр,Тернопільський національний медичний університет імені І.Я. Горбачевського,Флорист,['Німецька'],"вулиця Чорноморський 11-й, буд. 492, Городок, 05435",Богуслав Гук,382-00-11,19032.48,0.18,18,7,2020-06-13,2020-08-26,2025-04-21 01:32:44.050868
81,1995-09-09,Ж,Розлучений/а,Середня,Український державний університет залізничного транспорту,,"['Англійська', 'Німецька']","шосе Удільний, буд. 008 кв. 5, Теплодар, 83169",Амалія Їжакевич,493-68-89,17037.24,0.15,18,10,2024-12-13,2024-09-20,2025-06-15 01:32:44.050868
82,1974-04-06,Ч,Розлучений/а,Бакалавр,Національний університет «Києво-Могилянська академія»,,['Англійська'],"вулиця Кафедральна, буд. 96 кв. 93, Болград, 62194",Орися Демʼянчук,099 769 64 04,22744.28,0.15,24,7,2021-12-23,2023-12-10,2025-06-01 01:32:44.050868
83,1979-12-13,Ж,Розлучений/а,PhD,Одеський національний університет імені І. І. Мечникова,,"['Польська', 'Українська']","парк Вірського, буд. 10 кв. 41, Шостка, 68330",Данна Давимука,023 671 79 16,59225.13,0.13,22,2,2023-05-24,2024-04-21,2025-02-16 01:32:44.050868
84,1995-03-14,Ж,Неодружений/а,Магістр,Запорізький національний університет,Електрик,['Українська'],"проспект Одеська, буд. 1, Зіньків, 34846",Лілія Андрієвич,+380 37 780-32-19,21302.12,0.06,21,6,2022-03-18,2024-10-09,2025-06-16 01:32:44.050868
85,1982-11-01,Ж,Неодружений/а,Бакалавр,Український державний університет залізничного транспорту,,"['Німецька', 'Польська', 'Українська']","шосе Макова, буд. 083, Красноперекопськ, 06902",Симон Оберемко,040 942 37 07,67582.8,0.09,24,9,2020-08-04,2023-12-01,2025-02-08 01:32:44.050868
86,1997-01-05,Ч,Неодружений/а,Бакалавр,Львівський національний медичний університет імені Данила Галицького,Парфюмер,['Польська'],"набережна Фабрична, буд. 26 кв. 51, Овруч, 03995",Козак Спас Зиновійович,+380 04 450 87 64,17810.18,0.14,19,3,2024-06-04,2024-03-11,2025-03-10 01:32:44.050868
87,2000-06-10,Ж,Розлучений/а,Бакалавр,Харківський національний медичний університет,Палеонтолог,['Польська'],"шосе Нафтовиків, буд. 5, Ладижин, 97161",Пріска Забара,073 588 80 16,23144.55,0.12,21,1,2022-09-28,2023-10-02,2025-02-24 01:32:44.051866
88,1997-10-20,Ж,Неодружений/а,Середня,Дніпровський національний університет імені Олеся Гончара,Штукатур,['Українська'],"вулиця 5-та Лінія Марії Демченко, буд. 25 кв. 734, Кременчук, 47860",Валентина Рудик,865-81-91,50599.35,0.19,24,8,2024-07-01,2024-11-08,2025-04-01 01:32:44.051866
89,1979-07-30,Ж,Розлучений/а,PhD,Національний гірничий університет,Паблік рилейшнз,['Польська'],"площа Стражеска Миколи, буд. 44 кв. 362, Сквира, 06221",Данна Засуха,+380 01 129-97-71,48280.84,0.19,23,9,2024-09-14,2024-11-08,2025-04-17 01:32:44.051866
90,1973-04-04,Ч,Одружений/а,Бакалавр,Миколаївський національний університет імені В.О. Сухомлинського,Живописець,['Українська'],"шосе Богдана Хмельницького, буд. 19 кв. 69, Миколаїв, 10545",Златослава Франко,+380 70 831 06 77,25061.61,0.13,22,8,2022-04-28,2023-07-13,2025-05-01 01:32:44.051866
91,1959-05-05,Ч,Одружений/а,Бакалавр,Київський національний університет імені Тараса Шевченка,Шериф,['Українська'],"вулиця Гонтаренко, буд. 42, Болград, 63483",пані Амалія Чумаченко,042 990 60 47,24040.96,0.07,18,1,2023-04-20,2024-11-22,2025-03-20 01:32:44.051866
92,1974-03-23,Ч,Одружений/а,Середня,Криворізький національний університет,,"['Українська', 'Польська', 'Англійська']","провулок Марка Крейна, буд. 4 кв. 689, Василівка, 53731",добродій Вадим Заїка,+380 24 687-09-44,29022.89,0.19,18,4,2021-02-10,2022-12-18,2025-05-26 01:32:44.051866
93,1960-01-24,Ч,Розлучений/а,PhD,Львівський національний медичний університет імені Данила Галицького,Пекар,['Українська'],"шосе Моторний 3-й, буд. 39, Валки, 80800",Забашта Михайлина Тарасівна,+380 32 650 34 94,62739.35,0.14,23,0,2021-05-28,2022-10-09,2025-06-15 01:32:44.051866
94,1988-08-05,Ч,Розлучений/а,PhD,Донецький національний університет імені Василя Стуса,Електрослюсар,['Німецька'],"набережна Аеропортівський 2-й, буд. 5, Жашків, 66035",Єва Цибуленко,715-03-58,20057.25,0.06,18,9,2022-01-13,2023-01-31,2025-05-30 01:32:44.051866
95,1979-01-06,Ч,Розлучений/а,Бакалавр,Національний гірничий університет,Маркетолог,"['Українська', 'Англійська']","провулок Владислава Домбровського, буд. 8 кв. 034, Київ, 52563",Засенко Світлана Віталіївна,352 74 55,22188.67,0.15,23,2,2022-06-04,2024-03-26,2025-02-12 01:32:44.052868
96,1996-09-11,Ж,Неодружений/а,Середня,Полтавський державний медичний університет,Секретар,['Українська'],"набережна Лодочний, буд. 148, Олександрія, 31567",Марко Юрчишин,684 56 18,61581.61,0.09,21,2,2024-03-28,2024-11-09,2025-04-22 01:32:44.052868
97,2004-05-03,Ч,Розлучений/а,Магістр,Тернопільський національний технічний університет імені Івана Пулюя,Футболіст,"['Польська', 'Німецька', 'Англійська']","площа Романтиків, буд. 158 кв. 01, Турка, 40856",Сергій Полтавець,+380 74 049 07 29,56140.45,0.17,24,0,2023-04-04,2023-12-07,2025-03-11 01:32:44.052868
98,1966-01-21,Ж,Розлучений/а,PhD,Харківський національний медичний університет,Психолог,"['Німецька', 'Польська', 'Українська']","проспект Середньофонтанський, буд. 827, Сватове, 07420",Володимира Кабаненко,+380 36 375-17-12,19909.62,0.06,23,5,2021-03-02,2022-11-02,2025-03-30 01:32:44.052868
99,1961-12-02,Ж,Розлучений/а,Магістр,Тернопільський національний технічний університет імені Івана Пулюя,,"['Англійська', 'Німецька']","вулиця Кобзаря, буд. 2, Мостиська, 17934",Опанасенко Олесь Микитович,+380 92 635 66 85,21795.05,0.05,21,3,2023-04-18,2023-04-28,2025-04-03 01:32:44.052868
100,2001-07-01,Ч,Неодружений/а,Бакалавр,Харківський національний педагогічний університет імені Г. С. Сковороди,Доцент,['Англійська'],"сквер 21-й км Старокиївської дороги, буд. 0, Жашків, 35241",Розалія Козак,+380 (75) 865-44-88,75683.01,0.13,23,10,2022-11-18,2023-10-17,2025-04-03 01:32:44.052868
101,1975-06-04,Ж,Неодружений/а,Бакалавр,Український державний університет залізничного транспорту,Антрополог,['Англійська'],"проспект Байдарочний, буд. 7 кв. 51, Бердичів, 13451",Євген Базилевич,049 049-91-40,26877.54,0.12,23,4,2024-10-22,2024-10-27,2025-02-19 01:32:44.053867
102,1964-09-29,Ж,Одружений/а,Магістр,Запорізький національний університет,Євнух,"['Польська', 'Англійська']","парк Сливова, буд. 34 кв. 521, Кам'янське, 67319",Людмила Червоненко,557 28 82,28995.46,0.09,19,3,2024-08-15,2024-07-05,2025-06-26 01:32:44.053867
103,1979-02-07,Ч,Розлучений/а,Бакалавр,Харківський національний педагогічний університет імені Г. С. Сковороди,Електротехнік,['Українська'],"набережна Сосюри, буд. 96, Залізне, 03281",Чуприна Емілія Лукʼянівна,064 014-86-37,78119.88,0.18,23,0,2023-07-23,2024-06-01,2025-05-24 01:32:44.053867
104,1961-11-16,Ж,Одружений/а,PhD,Київський національний університет імені Тараса Шевченка,Конструктор,"['Німецька', 'Англійська', 'Українська']","набережна Дворникова, буд. 566 кв. 650, Балта, 38641",Гук Богданна Володимирівна,+380 61 712-79-80,20193.55,0.13,20,0,2024-10-26,2024-11-03,2025-06-09 01:32:44.053867
105,1959-08-23,Ч,Неодружений/а,PhD,Харківський національний педагогічний університет імені Г. С. Сковороди,Піаніст,"['Польська', 'Українська']","узвіз Кондрашина, буд. 83, Ізюм, 90467",Єва Демʼянчук,+380 81 646-89-09,21034.32,0.13,20,9,2022-08-18,2024-03-20,2025-04-06 01:32:44.053867
106,2003-07-15,Ж,Розлучений/а,Середня,Національний авіаційний університет,,['Польська'],"шосе Середньофонтанський, буд. 1, Бориспіль, 36580",панна Мілена Оніщук,971 61 44,19042.98,0.09,20,6,2023-05-03,2024-03-07,2025-02-04 01:32:44.053867
107,1962-02-07,Ч,Одружений/а,Середня,Криворізький національний університет,Гицель,"['Польська', 'Німецька', 'Українська']","сквер Заможна, буд. 73, Златопіль, 86425",Ярослав Вітрук,+380 (09) 959-77-21,21664.55,0.14,19,3,2025-02-20,2024-11-22,2025-03-03 01:32:44.053867
108,1991-09-04,Ч,Одружений/а,Бакалавр,Львівський національний університет імені Івана Франка,Геофізик,"['Англійська', 'Українська', 'Польська']","проспект Майка Йогансена, буд. 3 кв. 7, Нове Давидково, 18868",Віра Конопленко,006 059 68 68,24699.63,0.13,23,10,2024-07-07,2024-08-02,2025-02-08 01:32:44.053867
109,1960-04-18,Ч,Неодружений/а,PhD,Донецький національний університет імені Василя Стуса,Візажист,"['Польська', 'Німецька']","вулиця Офіцерський 2-й, буд. 487, Біляївка, 60101",Аркадій Вакарчук,+380 33 082 96 16,23522.72,0.2,18,4,2024-05-21,2024-07-14,2025-03-10 01:32:44.053867
110,1984-06-28,Ж,Розлучений/а,Магістр,Івано-Франківський національний медичний університет,,"['Польська', 'Німецька']","проспект Станційна 2-га, буд. 1 кв. 29, Лозова, 36924",Дарина Дрозд,+380 96 183 21 21,19538.73,0.06,18,9,2023-05-09,2024-03-21,2025-02-27 01:32:44.053867
111,1991-06-17,Ж,Неодружений/а,Середня,Харківський національний педагогічний університет імені Г. С. Сковороди,,['Польська'],"узвіз Олександра Тимошенка, буд. 29, Новогродівка, 72573",Дарина Сиротенко,+380 33 264-41-35,20553.27,0.1,18,3,2024-01-21,2024-12-23,2025-04-09 01:32:44.054885
112,1969-08-24,Ж,Неодружений/а,Бакалавр,Дніпровський національний університет імені Олеся Гончара,Астронавт,"['Німецька', 'Польська', 'Англійська']","провулок Мельницька, буд. 93, Ніжин, 13402",пан Валентин Охримович,073 314 87 85,22045.79,0.11,18,2,2020-07-28,2020-06-23,2025-05-01 01:32:44.054885
113,1997-05-31,Ч,Розлучений/а,Середня,Тернопільський національний технічний університет імені Івана Пулюя,Менеджер,['Німецька'],"площа Капітана Кузнецова, буд. 49 кв. 21, Хутір-Михайлівський, 02418",Ліза Макогон,643-20-40,20775.07,0.19,20,9,2021-02-13,2022-08-10,2025-05-27 01:32:44.054885
114,1993-10-19,Ч,Розлучений/а,Бакалавр,Харківський національний педагогічний університет імені Г. С. Сковороди,Клоун,"['Польська', 'Англійська', 'Німецька']","сквер 1-ша Лінія Марії Демченко, буд. 53 кв. 29, Благовіщенське, 77903",Клавдія Вакарчук,027 246 75 66,22938.62,0.09,23,5,2020-10-19,2023-01-30,2025-06-08 01:32:44.054885
115,1966-11-18,Ч,Одружений/а,Бакалавр,Сумський державний університет,Намотувальник,['Українська'],"проспект Луценка Івана, буд. 529, Узин, 78974",Богодар Вітер,+380 (02) 881-67-95,32078.51,0.08,24,2,2024-01-30,2024-02-24,2025-05-10 01:32:44.054885
116,1989-07-01,Ч,Одружений/а,Середня,Національний технічний університет України «Київський політехнічний інститут імені Ігоря Сікорського»,Кухар,"['Українська', 'Англійська', 'Німецька']","парк Левадна, буд. 0 кв. 376, Охтирка, 09841",Аарон Жук,824 40 42,28100.23,0.18,20,3,2020-04-10,2023-11-26,2025-06-23 01:32:44.054885
117,2004-09-14,Ж,Одружений/а,Бакалавр,Львівський національний університет імені Івана Франка,Математик,"['Польська', 'Англійська']","сквер Разумовська, буд. 933 кв. 346, Турка, 10242",Зиновій Ковалюк,+380 (37) 850-43-34,30139.57,0.06,22,8,2022-07-26,2023-07-31,2025-03-21 01:32:44.054885
118,1982-09-24,Ж,Неодружений/а,Бакалавр,Івано-Франківський національний технічний університет нафти і газу,Юрист,"['Англійська', 'Українська']","узвіз Панаса Мирного, буд. 4 кв. 9, Сорокине, 17304",Надія Бебешко,+380 76 405-57-40,25944.02,0.07,21,5,2024-04-15,2024-09-27,2025-03-03 01:32:44.054885
119,1975-11-11,Ч,Розлучений/а,Магістр,Одеський національний політехнічний університет,Графік,"['Польська', 'Англійська']","набережна Баркасний, буд. 89, Чернігів, 68768",Шеремета Володимира Леопольдівна,+380 (03) 583-99-66,20326.06,0.08,23,8,2020-11-08,2021-03-23,2025-02-17 01:32:44.055881
120,1984-10-13,Ж,Одружений/а,PhD,Вінницький національний технічний університет,Випробувач,"['Українська', 'Англійська', 'Німецька']","узвіз Василя Кандинського 3-й, буд. 8 кв. 5, Донецьк, 07509",Лукʼян Шаповал,+380 82 187 18 40,21082.89,0.15,22,4,2024-10-23,2024-10-13,2025-02-27 01:32:44.055881
121,1979-08-13,Ж,Неодружений/а,PhD,Запорізький національний університет,,['Українська'],"парк Кристаловського, буд. 03 кв. 681, Деражня, 37390",Ігнат Шамрай,186-34-81,26445.71,0.18,20,4,2024-03-11,2024-09-20,2025-02-20 01:32:44.055881
122,1982-02-23,Ч,Одружений/а,Бакалавр,Тернопільський національний медичний університет імені І.Я. Горбачевського,,"['Українська', 'Польська', 'Німецька']","проспект Приморська, буд. 8 кв. 64, Ржищів, 89702",Марина Вертипорох,+380 31 995-58-45,15343.91,0.1,18,6,2022-04-10,2023-03-24,2025-04-22 01:32:44.055881
123,1959-12-11,Ч,Одружений/а,Бакалавр,Львівська політехніка,,['Англійська'],"узвіз Морехідна, буд. 8, Корець, 58336",Марія Демʼянюк,+380 88 793-01-50,18621.73,0.19,21,5,2023-03-13,2024-10-05,2025-03-14 01:32:44.055881
124,1984-03-22,Ч,Розлучений/а,PhD,Київський національний університет імені Тараса Шевченка,Бізнесмен,"['Англійська', 'Німецька', 'Українська']","сквер Проїзний 1-й, буд. 9, Бобринець, 55623",Святослава Базилевич,+380 22 068-66-39,24437.19,0.19,23,7,2022-07-20,2023-10-03,2025-04-30 01:32:44.055881
125,2005-12-19,Ж,Одружений/а,PhD,Івано-Франківський національний медичний університет,,"['Англійська', 'Українська', 'Німецька']","парк Байгородський, буд. 128, Середина-Буда, 61580",пані Дарина Чекалюк,+380 (32) 238-87-00,24915.27,0.17,19,7,2023-11-23,2024-03-31,2025-06-21 01:32:44.055881
126,1968-09-27,Ч,Розлучений/а,PhD,Криворізький національний університет,Петрограф,"['Польська', 'Українська']","набережна Орликова, буд. 8, Новодністровськ, 15213",Василина Зубко,054 367-53-62,26185.83,0.05,21,5,2022-12-31,2024-05-20,2025-03-09 01:32:44.055881
127,1974-12-18,Ч,Розлучений/а,Бакалавр,Вінницький національний медичний університет імені М.І. Пирогова,,['Польська'],"вулиця Рівності, буд. 8 кв. 82, Арциз, 38093",Омелян Іщак,961-54-72,15512.1,0.12,21,8,2023-04-04,2024-05-29,2025-05-17 01:32:44.055881
128,1967-09-16,Ж,Розлучений/а,Середня,Національний авіаційний університет,Пекар,"['Польська', 'Німецька']","проспект Лінія 26-та, буд. 0, Коростишів, 80213",Ірена Корсун,063 692-71-26,23682.9,0.18,23,5,2021-12-03,2023-12-14,2025-02-07 01:32:44.055881
129,1970-03-02,Ч,Одружений/а,Бакалавр,Київський національний університет імені Тараса Шевченка,Слідчий,"['Німецька', 'Українська', 'Англійська']","площа Рози вітрів, буд. 38, Новогродівка, 83125",Емілія Щербань,+380 73 425-02-14,22721.88,0.12,24,10,2024-08-05,2024-10-20,2025-06-25 01:32:44.056881
130,1977-08-14,Ж,Одружений/а,Середня,Вінницький національний технічний університет,Промисловець,"['Англійська', 'Німецька', 'Українська']","парк Безіменний, буд. 1, Брянка, 28574",Ярема Вдовиченко,063 253-49-20,17262.5,0.06,23,6,2024-03-24,2024-02-17,2025-06-05 01:32:44.056881
131,1984-07-11,Ж,Розлучений/а,PhD,Херсонський державний університет,Складальник,"['Англійська', 'Українська', 'Німецька']","узвіз Миколи Плигуна, буд. 4, Сколе, 79316",Віктор Верховинець,+380 93 908-00-64,19477.89,0.12,20,0,2022-06-22,2023-05-09,2025-05-29 01:32:44.056881
132,1962-06-26,Ж,Розлучений/а,Середня,Національний технічний університет України «Київський політехнічний інститут імені Ігоря Сікорського»,Драматург,"['Німецька', 'Польська', 'Українська']","проспект Суднобудівна, буд. 9 кв. 2, Молочанськ, 48718",Ростислав Артюшенко,+380 48 419-88-33,25611.8,0.08,21,7,2024-03-23,2024-04-19,2025-03-20 01:32:44.056881
133,1971-05-05,Ч,Неодружений/а,Бакалавр,Національний технічний університет України «Київський політехнічний інститут імені Ігоря Сікорського»,Флорист,"['Німецька', 'Українська', 'Польська']","набережна Круговий, буд. 2, Дебальцеве, 70469",Ірена Рябовіл,037 639-60-54,24831.27,0.1,18,1,2023-05-09,2024-05-02,2025-04-01 01:32:44.056881
134,1961-04-10,Ж,Одружений/а,PhD,Київський національний університет імені Тараса Шевченка,Перекладач,"['Польська', 'Німецька']","провулок Велика Арнаутська, буд. 749 кв. 30, Федорівка, 77857",Юстина Карпенко,+380 81 500 23 46,66223.15,0.17,21,0,2021-12-06,2022-07-13,2025-03-16 01:32:44.056881
135,1979-05-28,Ж,Неодружений/а,Магістр,Харківський національний педагогічний університет імені Г. С. Сковороди,Сантехнік,['Українська'],"узвіз Бахмутська, буд. 434 кв. 044, Кам'янець-Подільський, 50877",Вадим Дзиндра,021 233-33-01,23455.58,0.08,24,7,2023-06-08,2024-06-06,2025-03-01 01:32:44.056881
136,1960-11-28,Ж,Розлучений/а,Середня,Дніпровський національний технічний університет,Сантехнік,"['Українська', 'Англійська', 'Польська']","шосе Квіткова, буд. 6, Підгайці, 58615",Петро Дейнеко,+380 (39) 436-84-82,20093.92,0.2,20,6,2022-11-24,2024-04-09,2025-03-22 01:32:44.056881
137,1985-12-20,Ж,Розлучений/а,Бакалавр,Одеський національний медичний університет,,"['Українська', 'Німецька']","проспект Молоді, буд. 151, Бахмут, 16611",Демид Рябченко,943 92 42,51163.2,0.15,18,3,2022-12-31,2023-04-30,2025-04-29 01:32:44.056881
138,1981-11-23,Ж,Неодружений/а,Бакалавр,Харківський національний педагогічний університет імені Г. С. Сковороди,,"['Німецька', 'Українська']","узвіз Самодіяльна, буд. 637, Старий Крим, 78012",Левко Іщенко,214 63 31,49580.93,0.1,18,9,2022-04-01,2024-11-02,2025-05-23 01:32:44.057880
139,2002-12-25,Ч,Неодружений/а,Бакалавр,Тернопільський національний технічний університет імені Івана Пулюя,Фізик,"['Польська', 'Англійська']","площа Осіння, буд. 260, Арциз, 53798",Ада Левченко,+380 (23) 699-59-00,71316.49,0.14,24,6,2024-05-20,2024-07-30,2025-05-10 01:32:44.057880
140,1972-08-18,Ж,Розлучений/а,PhD,Криворізький національний університет,Слідчий,"['Українська', 'Польська', 'Німецька']","сквер Лінія 54-та, буд. 74, Брянка, 56728",пані Аніта Адаменко,001 756-03-03,17916.26,0.1,20,2,2023-02-19,2023-03-14,2025-04-08 01:32:44.057880
141,1969-06-24,Ч,Розлучений/а,Магістр,Полтавський державний медичний університет,Клоун,"['Польська', 'Англійська', 'Українська']","парк узвіз Віталія Блажка, буд. 979 кв. 86, Южноукраїнськ, 08305",Нестор Данчук,068 008 91 75,25498.33,0.17,19,8,2024-04-18,2024-10-05,2025-02-27 01:32:44.057880
142,1961-04-12,Ж,Розлучений/а,Середня,Херсонський державний університет,Гицель,"['Українська', 'Німецька']","узвіз Нафтовиків 3-й, буд. 88, Городенка, 75793",Яків Гайворонський,087 077-72-99,73093.84,0.11,19,9,2023-12-10,2024-04-12,2025-04-01 01:32:44.057880
143,1986-11-21,Ж,Розлучений/а,PhD,Чернівецький національний університет імені Юрія Федьковича,,"['Німецька', 'Польська', 'Англійська']","набережна Супутників, буд. 7 кв. 733, Молочанськ, 05697",Марко Ярош,524-44-36,24881.41,0.07,18,5,2020-08-01,2022-11-21,2025-02-13 01:32:44.057880
144,1963-04-17,Ж,Розлучений/а,Магістр,Полтавський державний медичний університет,Клавішник,"['Англійська', 'Німецька']","площа Віталія Нестеренка, буд. 6 кв. 64, Ржищів, 01930",Фастенко Вікторія Назарівна,408 42 01,19554.85,0.09,19,3,2023-04-30,2024-03-17,2025-05-04 01:32:44.057880
145,1970-01-26,Ч,Одружений/а,Магістр,Вінницький національний технічний університет,Композитор,['Англійська'],"набережна Побратимів, буд. 309 кв. 152, Баштанка, 33268",Орхип Даньків,+380 (75) 268-42-23,26140.07,0.11,20,2,2025-03-03,2024-12-22,2025-05-25 01:32:44.058887
146,2006-02-05,Ж,Одружений/а,Бакалавр,Дніпровський національний технічний університет,,"['Німецька', 'Польська']","узвіз Китобійний 2-й, буд. 61, Очаків, 48647",Андрейко Богданна Святославівна,+380 65 402-63-63,21829.15,0.06,23,8,2023-02-09,2024-05-11,2025-02-05 01:32:44.058887
147,1988-10-29,Ч,Розлучений/а,PhD,Одеський національний університет імені І. І. Мечникова,Астроном,"['Українська', 'Англійська', 'Німецька']","проспект Дмитра Сигаревича, буд. 033 кв. 585, Українка, 72303",Марина Онуфрієнко,+380 33 811-70-88,25515.47,0.12,20,0,2020-10-25,2023-08-19,2025-06-25 01:32:44.058887
148,1997-12-20,Ч,Одружений/а,Магістр,Тернопільський національний технічний університет імені Івана Пулюя,Астронавт,['Польська'],"провулок Отрадна, буд. 33 кв. 52, Авдіївка, 69230",Алевтин Дашенко,087 567-30-24,23943.13,0.14,18,2,2023-10-14,2024-04-26,2025-05-13 01:32:44.058887
149,1988-07-16,Ч,Одружений/а,Бакалавр,Тернопільський національний технічний університет імені Івана Пулюя,,"['Українська', 'Польська']","провулок Демократична, буд. 480, Верхньодніпровськ, 21631",Вікторія Заєць,+380 (08) 074-90-91,24760.75,0.18,24,8,2022-04-10,2023-07-21,2025-04-26 01:32:44.058887
150,1975-01-08,Ж,Неодружений/а,Бакалавр,Львівський національний університет імені Івана Франка,Кухар,['Українська'],"площа Лінійний, буд. 8 кв. 96, Новодністровськ, 34462",Негода Онисим Єфремович,+380 64 234-51-77,17025.37,0.19,22,10,2022-09-24,2024-05-21,2025-02-25 01:32:44.058887
151,1974-01-11,Ч,Розлучений/а,Магістр,Чернівецький національний університет імені Юрія Федьковича,,['Українська'],"провулок Лютневий 1-й, буд. 501, Герца, 90893",Емілія Ватаманюк,856-30-63,15151.85,0.11,24,2,2021-03-03,2023-01-14,2025-05-10 01:32:44.058887
152,1998-03-29,Ж,Одружений/а,PhD,Харківський національний педагогічний університет імені Г. С. Сковороди,Програміст,"['Англійська', 'Польська', 'Німецька']","провулок Педагогічний, буд. 9 кв. 932, Корюківка, 47139",Аліна Ірванець,+380 75 752-94-86,15226.72,0.13,24,10,2024-09-27,2024-11-05,2025-05-07 01:32:44.058887
153,2003-07-29,Ч,Одружений/а,Середня,Український державний університет залізничного транспорту,Паблік рилейшнз,"['Німецька', 'Англійська']","площа П'ята, буд. 8, Мирноград, 82823",Одарка Дутка,+380 14 026-92-62,45791.4,0.05,18,0,2024-09-30,2024-08-24,2025-04-15 01:32:44.058887
154,1993-04-04,Ч,Розлучений/а,PhD,Івано-Франківський національний медичний університет,Електромонтер,['Англійська'],"вулиця Казковий, буд. 6 кв. 663, Соледар, 22163",Галина Єрченко,+380 60 452-31-41,26054.83,0.17,22,6,2024-11-09,2024-12-21,2025-05-26 01:32:44.059903
155,1971-02-14,Ч,Неодружений/а,Середня,Харківський національний медичний університет,,"['Англійська', 'Польська', 'Українська']","узвіз Республіканська, буд. 3, Донецьк, 11904",Вітрук Одарка Віталіївна,035 153-37-51,20847.0,0.16,18,0,2022-03-29,2022-02-06,2025-06-13 01:32:44.059903
156,1995-02-11,Ч,Одружений/а,PhD,Харківський національний медичний університет,Філолог,"['Польська', 'Німецька', 'Англійська']","набережна Молокова, буд. 402, Васильків, 97455",Сніжана Їжак,+380 49 275 60 38,26777.1,0.15,18,10,2020-12-23,2024-09-05,2025-05-12 01:32:44.059903
157,1977-10-25,Ч,Розлучений/а,Середня,Національний технічний університет України «Київський політехнічний інститут імені Ігоря Сікорського»,,"['Англійська', 'Українська', 'Польська']","сквер Миколи Міхновського, буд. 32, Лиман, 76976",Пармен Чуприна,+380 30 943-86-41,24193.06,0.06,22,0,2025-03-28,2024-12-30,2025-04-30 01:32:44.059903
158,1988-08-07,Ч,Неодружений/а,PhD,Полтавський державний медичний університет,Каскадер,['Польська'],"парк Заводська 3-тя, буд. 355, Вовчанськ, 13196",Юхим Ткаченко,+380 (98) 742-14-35,75154.68,0.11,18,5,2022-04-06,2023-03-02,2025-06-04 01:32:44.059903
159,1967-06-16,Ч,Одружений/а,Середня,Івано-Франківський національний технічний університет нафти і газу,М'ясник,['Польська'],"площа 2-га Лінія 4-ї ст. Люстдорфської дороги, буд. 350, Борислав, 17817",пан Амвросій Щербак,+380 30 645-92-18,26047.15,0.07,21,5,2022-03-09,2023-08-30,2025-05-17 01:32:44.059903
160,2001-02-11,Ч,Одружений/а,Середня,Харківський національний педагогічний університет імені Г. С. Сковороди,Краєзнавець,"['Німецька', 'Польська']","узвіз Промислова, буд. 3, Южноукраїнськ, 04547",Аніта Бандура,008 850-59-09,72560.07,0.11,19,1,2025-03-02,2024-12-30,2025-02-09 01:32:44.059903
161,2004-03-27,Ч,Неодружений/а,Бакалавр,Вінницький національний медичний університет імені М.І. Пирогова,,['Німецька'],"провулок Скрипковий, буд. 1 кв. 32, Костянтинівка, 60576",Трохим Гуцуляк,089 333 71 74,21340.53,0.19,20,5,2025-03-23,2024-12-29,2025-06-01 01:32:44.059903
162,1990-05-13,Ж,Одружений/а,Бакалавр,Харківський національний педагогічний університет імені Г. С. Сковороди,,"['Англійська', 'Польська', 'Українська']","площа Аеропортівський 1-й, буд. 76, Верхньодніпровськ, 42474",Ярина Затула,402-81-75,22052.92,0.15,20,10,2025-03-23,2024-12-28,2025-02-16 01:32:44.059903
163,1996-08-30,Ж,Одружений/а,Магістр,Дніпровський національний технічний університет,Клавішник,"['Польська', 'Англійська']","площа Будівельний, буд. 3 кв. 81, Броди, 11059",Камілла Бабак,056 645 85 92,25313.01,0.14,23,6,2020-12-14,2022-03-06,2025-05-03 01:32:44.059903
164,2004-10-06,Ч,Неодружений/а,Магістр,Одеський національний медичний університет,Кінорежисер,['Українська'],"вулиця Промисловий, буд. 881, Шахтарське, 69019",Роксолана Бабій,126 54 87,17090.04,0.07,23,9,2025-03-02,2024-12-24,2025-03-31 01:32:44.060902
165,1961-12-10,Ж,Неодружений/а,PhD,Львівський національний університет імені Івана Франка,Кушнір,"['Англійська', 'Німецька']","узвіз Академіка Сахарова, буд. 702 кв. 17, Часів Яр, 15098",Феофан Ємельяненко,+380 52 100 57 43,15007.96,0.09,24,0,2021-09-18,2021-10-22,2025-06-07 01:32:44.060902
166,1985-07-28,Ж,Розлучений/а,PhD,Вінницький національний технічний університет,Антрополог,['Англійська'],"сквер Житомирський 3-й, буд. 07 кв. 08, Бобровиця, 82684",Алла Панчук,341-87-16,27176.89,0.05,21,10,2023-05-25,2024-10-23,2025-05-25 01:32:44.060902
167,1965-10-02,Ж,Розлучений/а,Бакалавр,Тернопільський національний медичний університет імені І.Я. Горбачевського,Головний меркшейдер,['Англійська'],"шосе Штильова, буд. 6 кв. 035, Бердичів, 49282",Соломон Адаменко,578-37-69,46610.55,0.15,23,7,2021-02-16,2023-06-14,2025-03-22 01:32:44.060902
168,2005-10-02,Ж,Розлучений/а,Середня,Харківський національний медичний університет,Дизайнер,['Англійська'],"провулок Косовський, буд. 58 кв. 4, Буча, 27175",Аніта Павлик,+380 04 196 07 67,26378.0,0.18,22,6,2023-06-26,2024-09-16,2025-03-28 01:32:44.060902
169,2002-11-25,Ч,Неодружений/а,Середня,Харківський національний медичний університет,,['Німецька'],"набережна Хаджибейський 1-й, буд. 80, Скадовськ, 12960",Прохір Василашко,987-68-44,20594.31,0.11,21,3,2025-01-03,2024-12-29,2025-04-06 01:32:44.060902
170,1960-06-25,Ч,Розлучений/а,PhD,Дніпровський національний університет імені Олеся Гончара,,['Польська'],"шосе Лиманчик 2-й Лінія 9-та, буд. 46 кв. 4, Дубно, 06667",Жайворон Роман Яремович,050 388-67-01,79161.0,0.19,23,1,2020-07-18,2023-12-20,2025-02-12 01:32:44.060902
171,1976-08-20,Ч,Неодружений/а,PhD,Дніпровський національний технічний університет,Фольклорист,['Німецька'],"площа Чумацька, буд. 951 кв. 809, Борщів, 86656",Клавдія Перепелиця,+380 81 151 20 70,25579.63,0.13,18,9,2022-10-28,2024-04-28,2025-04-04 01:32:44.060902
172,2006-01-19,Ч,Неодружений/а,Бакалавр,Львівська політехніка,Мовознавець,"['Польська', 'Німецька', 'Українська']","проспект Леха Качинського, буд. 14 кв. 46, Армянськ, 66950",Ярослава Шморгун,+380 (79) 655-87-44,21746.76,0.05,21,3,2024-10-07,2024-11-16,2025-04-11 01:32:44.060902
173,1991-11-03,Ч,Одружений/а,PhD,Івано-Франківський національний медичний університет,Програміст,['Польська'],"площа Косовська, буд. 5 кв. 237, Сарни, 56515",Юстина Дубенко,098 091-91-69,28716.66,0.12,24,10,2022-06-06,2022-08-15,2025-03-15 01:32:44.061907
174,2002-12-09,Ж,Одружений/а,PhD,Харківський національний педагогічний університет імені Г. С. Сковороди,Письменник,"['Польська', 'Українська']","сквер Колонтаївська, буд. 8 кв. 68, Токмак, 99570",Опанас Карпа,033 028-00-81,15684.48,0.12,20,8,2020-04-20,2024-02-16,2025-03-27 01:32:44.061907
175,1970-09-29,Ч,Розлучений/а,Середня,Івано-Франківський національний медичний університет,Випробувач,"['Англійська', 'Українська', 'Польська']","шосе Тракторна, буд. 234 кв. 32, Андрушівка, 77960",Клавдія Башполченко,665-51-92,42865.51,0.11,22,7,2023-04-06,2024-11-16,2025-06-19 01:32:44.061907
176,1989-05-07,Ч,Розлучений/а,Середня,Національний технічний університет України «Київський політехнічний інститут імені Ігоря Сікорського»,,"['Польська', 'Українська', 'Німецька']","шосе Олександра Білостінного, буд. 69 кв. 1, Сімферополь, 31934",пані Наталія Петренко,840 17 99,21153.36,0.1,22,2,2021-05-26,2023-10-02,2025-03-16 01:32:44.062869
177,1973-02-11,Ч,Розлучений/а,Середня,Одеський національний університет імені І. І. Мечникова,Прокурор,"['Німецька', 'Українська']","вулиця Вертелецького, буд. 6 кв. 761, Снятин, 85524",Марина Василечко,419-43-60,25154.27,0.16,20,2,2023-05-31,2024-12-30,2025-03-02 01:32:44.062869
178,1979-12-11,Ч,Неодружений/а,Магістр,Вінницький національний технічний університет,Детектив,"['Польська', 'Німецька', 'Українська']","узвіз Грузинська, буд. 6 кв. 4, Торецьк, 63755",Богданна Верменич,+380 56 209-48-73,76505.05,0.11,23,7,2021-08-14,2023-08-06,2025-04-25 01:32:44.062869
179,1965-10-15,Ч,Одружений/а,PhD,Сумський державний університет,Музикант,['Англійська'],"сквер Незамаївська, буд. 609, Умань, 32371",Одарка Гавриленко,354-31-23,24871.9,0.09,21,1,2020-08-06,2021-12-31,2025-03-03 01:32:44.062869
180,1965-08-16,Ж,Одружений/а,Середня,Чернівецький національний університет імені Юрія Федьковича,Провізор,"['Німецька', 'Українська', 'Польська']","набережна Тінистий, буд. 767, Деражня, 69456",Демʼян Микитюк,+380 (26) 598-05-72,46573.82,0.15,18,5,2021-12-23,2022-03-09,2025-05-30 01:32:44.063424
181,1968-01-19,Ч,Одружений/а,Бакалавр,Одеський національний університет імені І. І. Мечникова,Няня,"['Англійська', 'Німецька']","набережна Михайла Божія, буд. 5 кв. 886, Турка, 89092",Орина Скоробогатько,+380 63 289 68 68,17909.58,0.05,24,5,2021-05-05,2024-08-21,2025-06-01 01:32:44.063424
182,1979-01-07,Ч,Одружений/а,Середня,Херсонський державний університет,Електромонтер,['Українська'],"площа Василя Симоненка, буд. 588 кв. 7, Куп'янськ, 51458",Наталія Асаула,+380 (48) 496-96-64,27678.59,0.1,19,9,2023-11-03,2024-10-18,2025-06-27 01:32:44.063424
183,1963-04-21,Ч,Одружений/а,Бакалавр,Тернопільський національний технічний університет імені Івана Пулюя,,"['Німецька', 'Польська']","площа Кипарисний 2-й, буд. 2 кв. 48, Рогатин, 64804",Світлана Макаренко,+380 73 806-77-88,29252.24,0.11,20,9,2022-04-13,2024-03-31,2025-02-23 01:32:44.063424
184,2002-09-23,Ч,Одружений/а,Середня,Одеський національний політехнічний університет,,"['Німецька', 'Англійська', 'Польська']","парк Обривиста, буд. 5 кв. 846, Часів Яр, 36305",Павло Хорішко,227 49 72,23255.0,0.06,24,0,2023-07-01,2023-07-28,2025-03-24 01:32:44.063424
185,1978-07-23,Ч,Одружений/а,Бакалавр,Донецький національний університет імені Василя Стуса,Дерун,['Польська'],"вулиця Юннатів 1-й, буд. 62 кв. 11, Південне, 79403",Даниленко Аніта Францівна,080 011 94 05,18235.74,0.17,23,6,2023-11-23,2023-10-06,2025-06-22 01:32:44.063424
186,1978-02-12,Ж,Одружений/а,Магістр,Полтавський державний медичний університет,Клоун,['Українська'],"шосе Тополина, буд. 12 кв. 853, Світловодськ, 51000",Марта Тягнибок,054 699 42 38,17028.06,0.12,22,9,2020-12-31,2023-05-12,2025-02-04 01:32:44.063424
187,2005-12-13,Ч,Неодружений/а,Бакалавр,Національний авіаційний університет,Різноробочий,"['Польська', 'Українська']","сквер Куниці, буд. 487 кв. 2, Олевськ, 70842",Пріска Титаренко,764 30 56,20028.53,0.19,18,10,2020-07-05,2024-07-21,2025-06-07 01:32:44.063424
188,2001-09-22,Ж,Розлучений/а,PhD,Львівський національний університет імені Івана Франка,Вчитель,"['Англійська', 'Німецька', 'Українська']","провулок Чорноморський, буд. 019 кв. 394, Збараж, 86366",пан Леонід Василечко,+380 99 990-76-41,27837.59,0.13,20,8,2024-02-20,2024-01-17,2025-05-15 01:32:44.063424
189,1965-01-21,Ч,Неодружений/а,Магістр,Київський національний університет імені Тараса Шевченка,,"['Німецька', 'Польська', 'Англійська']","провулок Євгена Крамаренка, буд. 9 кв. 7, Берегове, 77682",Марʼяна Чекалюк,+380 98 930-37-90,17580.79,0.06,18,0,2023-02-18,2023-09-09,2025-05-28 01:32:44.063424
190,1984-10-20,Ч,Неодружений/а,Бакалавр,Тернопільський національний медичний університет імені І.Я. Горбачевського,,['Німецька'],"шосе Музична, буд. 41, Гуляйполе, 24545",Данна Вобла,+380 (88) 820-15-49,54056.69,0.19,24,7,2025-02-21,2024-11-24,2025-04-22 01:32:44.063424
191,1990-02-19,Ж,Одружений/а,PhD,Одеський національний університет імені І. І. Мечникова,Астрофізик,"['Польська', 'Англійська']","набережна Горизонтальна, буд. 3, Скадовськ, 45784",Оксана Ажажа,004 177 32 11,76778.38,0.1,24,7,2021-07-14,2022-05-05,2025-06-21 01:32:44.063424
192,1992-03-07,Ч,Неодружений/а,Магістр,Київський національний університет імені Тараса Шевченка,Епідеміолог,['Польська'],"площа Балтський 3-й, буд. 11 кв. 21, Новий Буг, 58990",Єва Короленко,000 073-55-81,28292.4,0.2,21,3,2022-04-01,2024-03-31,2025-06-05 01:32:44.063424
193,1989-05-12,Ж,Одружений/а,Середня,Харківський національний університет імені В. Н. Каразіна,,"['Українська', 'Німецька']","площа Валерія Лобановського, буд. 5 кв. 1, Хорол, 51994",Марко Шухевич,+380 50 130-18-99,75477.63,0.09,19,2,2020-05-01,2023-06-24,2025-05-16 01:32:44.063424
194,1996-07-27,Ж,Одружений/а,PhD,Центральноукраїнський національний технічний університет,,"['Англійська', 'Польська', 'Німецька']","набережна Карантинний узвіз, буд. 82, Новодружеськ, 91478",Сніжана Калениченко,784-93-44,22196.86,0.18,24,2,2022-02-27,2024-08-04,2025-04-17 01:32:44.063424
195,1980-06-19,Ч,Розлучений/а,Бакалавр,Одеський національний університет імені І. І. Мечникова,,"['Українська', 'Польська', 'Німецька']","набережна Середньофонтанська, буд. 05, Кальміуське, 31644",Віолетта Чала,083 663 20 98,17688.71,0.12,18,9,2024-02-04,2024-12-25,2025-06-10 01:32:44.063424
196,1976-10-29,Ч,Розлучений/а,Середня,Одеський національний університет імені І. І. Мечникова,,"['Англійська', 'Німецька']","вулиця Берестейська, буд. 691 кв. 98, Герца, 91401",Забіла Леон Георгійович,+380 31 736-12-40,22416.54,0.07,24,8,2023-06-29,2023-05-17,2025-03-03 01:32:44.063424
197,1980-05-03,Ж,Розлучений/а,Бакалавр,Херсонський державний університет,,"['Англійська', 'Польська', 'Німецька']","проспект Князівська, буд. 95, Самбір, 49418",Тригуб Веніямин Михайлович,062 279-31-90,23639.77,0.11,23,9,2023-07-26,2024-08-12,2025-06-03 01:32:44.063424
198,1999-04-12,Ж,Одружений/а,Середня,Київський національний економічний університет імені Вадима Гетьмана,,['Англійська'],"провулок Жолкова Бориса, буд. 026, Кагарлик, 52838",Марко Черінько,238 21 64,23177.1,0.1,21,1,2024-10-26,2024-10-23,2025-02-05 01:32:44.063424
199,1997-05-03,Ч,Неодружений/а,Бакалавр,Херсонський державний університет,,"['Німецька', 'Польська']","сквер Бессарабська, буд. 037 кв. 73, Шахтарськ, 05620",Омелян Дерегус,622 03 35,56271.43,0.11,21,7,2024-07-17,2024-04-21,2025-04-06 01:32:44.063424
200,1966-12-07,Ч,Неодружений/а,Середня,Херсонський державний університет,,"['Українська', 'Англійська', 'Німецька']","парк Восьмого березня 2-й, буд. 65 кв. 3, Отаманівка, 66796",пані Галина Ярош,+380 (35) 034-87-52,15995.29,0.15,19,6,2024-05-30,2024-08-26,2025-02-07 01:32:44.063424
