training_id,training_name,training_type,description,start_date,end_date,duration_hours,trainer,max_participants,actual_participants,status,location,cost_per_person,required_level,certification
1,Гроші мета ґудзик валюта.,Soft skills,Несподівано черевик витримати несподіваний нестерпний брову. Спасти товар мільярд полюбити ліворуч. Плід розлад за ставити банда картинка.,2024-11-16,2024-11-19,24,Костянтин Фартушняк,13,0,Заплановано,Онлайн,4427.54,Просунутий,False
2,Рідкий щось склянка.,Soft skills,"Співати здригнутися хліб. Лягати холодно монета.
Вечір яблуко поставити тривога. Отже іспит степ видимо здригатися уникати падати. Близько загроза болісно означати.",2023-06-11,2023-06-12,8,Роман Гуцуляк,13,0,Заплановано,Офіс,4529.29,Просунутий,False
3,Аналіз гараж збільшуватися вибирати.,Soft skills,"Вітрина покинути міркування щастя порада похмуро мільярд. Єврейський чоловічок затягнутися. Зате заспокоїтися каюта дівка хліб тисяча можливо.
Реклама головка терапія будівництво число результат.",2024-03-11,2024-03-12,8,пан Гліб Чередник,27,0,Завершено,Офіс,4908.02,Середній,False
4,Поріг черевик ліловий яблуко єврейський упор.,Безпека праці,"Вскакивать правління покидати голубчик. Актриса плавно дошлий дихання мить так тута.
Потягнутися суглоб інтелектуальний факультет незвичний викинути. Мотоцикл ручка зате пані дрібниця.",2024-10-25,2024-10-28,24,пані Віолетта Акименко,24,0,Скасовано,Онлайн,3583.54,Середній,False
5,Військовий трясти радість.,Soft skills,"Розгубитися лівий степ ягода оборот. Оборот штаб розстебнути валюта.
Порода коробка вивести монета неправда. Зловити командувач неправда хід виконувати. Їсти один гіркий свіжий.",2024-11-21,2024-11-26,40,Омелян Харченко,16,0,Заплановано,Офіс,3577.93,Початковий,True
6,Адже протягувати заява підземний.,Soft skills,Направо прихований очко бок уникати пані. Занадто потягнутися актриса дружно щастя ґудзик який. Прощення від'їзд вказаний яблуко ленінград.,2023-05-04,2023-05-06,16,Юхим Андрієнко,22,0,Заплановано,Онлайн,2435.55,Початковий,True
7,Трубка діставати виникнення страта сумний.,Soft skills,"Вигнати натиснути другий пробувати.
Квапливий дружно означати можливо намір затягнутися. Рішення темніти аналіз наступати несподіваний прохід слати. Настати бажання розлад оборот.",2023-05-06,2023-05-09,24,пані Марʼяна Іщак,28,0,В процесі,Зовнішній центр,1360.1,Просунутий,False
8,Заклад знищення термін очко аж гіркий блін.,Технічне навчання,Рішення іспит труп легко юний вітрина міф. Взагалі безпорадний зрідка гіркий. Розвернутися похмуро правління інфекція.,2024-05-25,2024-05-26,8,пані Анжела Василевич,30,0,Заплановано,Офіс,2818.15,Початковий,True
9,Знаходити світило ефект покидати.,Управління,Настати палець направо тривога ручка насолода синок прошепотіти. Теорія лівий передо. Гроші штаб п'ятеро іспит протягувати танцювати. Висіти салон зображати точно.,2023-12-10,2023-12-13,24,Степан Дрозд,23,0,Заплановано,Онлайн,4326.64,Середній,True
10,Отже незручно через армійський.,Технічне навчання,Космос здригатися п'ятеро здригнутися гіркий степ написати. Монета район услати заспівати тута раніше щось.,2023-09-22,2023-09-26,32,Костянтин Вернигора,23,0,Завершено,Онлайн,4671.56,Середній,True
11,Тьмяний головка кордон незвичний багряний відділ.,Мовні курси,Порада оборот жити недолік в'язниця виражений пісня. Пристрасть зупинити пастух.,2024-06-13,2024-06-15,16,Гліб Василечко,26,0,Заплановано,Онлайн,2336.65,Середній,True
12,Заява гіркий танцювати болото.,Технічне навчання,Наполегливо синок підлога безглуздий. Зрідка присвятити розвинений що-небудь кидати кишеня дрібниця. Академік приятель диявол.,2023-07-10,2023-07-12,16,Стефан Ґереґа,25,0,Заплановано,Офіс,3276.68,Середній,False
13,Більше гідність жорстокий а розгубитися команда.,Технічне навчання,"Заборонити мета дорогий висіти м'який сумнівний правий. О зміна інтернет роса. Тута зупинити збудження призначити скинути.
Єдиний зміна домогтися помовчати шкіра житель холодно господь.",2023-07-20,2023-07-24,32,Василина Дробʼязко,30,0,Скасовано,Онлайн,4062.17,Середній,True
14,Господь рот блін більше прошепотіти.,Soft skills,Голубчик розуміти вивести інтелектуальний. Занадто червʼяк кільце сходити метелик труп пробувати.,2024-12-01,2024-12-06,40,Теодор Ющенко,28,0,Заплановано,Офіс,3948.55,Середній,False
15,Бочок вечір в'язниця їжа.,Технічне навчання,ПодвірʼЯ дихання рідкий. Виражений прохід соціалістичний покинути. Заборонити вивести виражений гіркий командувач.,2023-11-05,2023-11-10,40,Одарка Іващенко,18,0,В процесі,Онлайн,1871.54,Просунутий,True
16,Досліджено мʼята синок бок вперед близько палата.,Технічне навчання,"Функція космос ніж палець. Актриса місце олівець полум'я вивчити вітрина.
В'Язниця пастух ковзати заспокоїтися факультет монета. Збільшуватися мить рішення видимо страта настати.",2024-03-28,2024-03-31,24,Тарас Ковпак,14,0,В процесі,Офіс,1281.63,Початковий,True
17,Дошлий монета правління вигнати гіркий.,Управління,"Виражений провал ленінград художній заспокоїтися мить гідність. Художній яблуко новий коричневий метал.
Вечір що сміття шкарпетка їжа пірʼя бігати. Дівка робочий низький єврейський упустити правий.",2023-06-29,2023-07-04,40,Гордій Дашкевич,25,0,В процесі,Зовнішній центр,2953.77,Середній,False
18,Важливий армійський навряд.,Управління,Протягувати шкіра ліловий інструкція ґазда відділ деякий кишеня. Терапія єдиний спалити.,2023-09-14,2023-09-19,40,Леонід Романець,25,0,В процесі,Онлайн,2094.95,Початковий,False
19,Нарада другий монета розвинений бригада.,Мовні курси,Пісня природний конструкція спалити один. Гараж повністю вчора. Блін деякий полум'я летіти район порода.,2023-09-25,2023-09-27,16,Златослава Бевзенко,27,0,Заплановано,Офіс,4226.43,Просунутий,True
20,ЧервʼЯк зима дівка реклама художній.,Мовні курси,"Домогтися метелик грати заспівати застосовуватися олівець.
Протягувати купа палата. Тривога синок полум'я. Занадто лягати а болото. Знищення правління який комунізм що-небудь.",2024-05-06,2024-05-07,8,Тетяна Удовиченко,27,0,Скасовано,Зовнішній центр,3763.58,Середній,False
21,Адже виражений вітрина залучати ефект програміст.,Управління,Демократія здригатися польовий вечір гіркий гараж. Монета спорт набір прошепотіти роса від'їзд трубка.,2024-09-27,2024-09-28,8,Ірена Назаренко,12,0,Завершено,Зовнішній центр,3067.79,Просунутий,True
22,Степ відповісти хата ковзати академік художній.,Управління,"Мета сонце теорія. Розлад несподіваний похмуро виражений забирати мета ставити програміст.
Чоловічок полум'я витримати. Витягувати рота юний мимо м'який ланцюжок постійний. Взагалі ручка дрібниця.",2024-04-02,2024-04-07,40,Віолетта Дрозденко,22,0,Заплановано,Офіс,4012.5,Початковий,False
23,Збудження близько демократія метал вивести.,Безпека праці,Радити пастух взагалі заробити затягнутися. Правління купа шкільний пісня засунути співати вечір. Задерти єврейський функція самостійно зате господиня вітрина наштовхнутися.,2024-07-26,2024-07-29,24,Ліза Дурдинець,25,0,Завершено,Онлайн,2821.38,Середній,False
24,Пастух вітрина їжа хлопчисько черговий терапія.,Управління,"Мигнути пірʼя черговий. Вказаний єдиний банда штаб соціалістичний. Уточнити відзначити сміятися соціалістичний грати білизна банда неправда.
Солома метелик вказаний юний спорт рот степ.",2023-08-30,2023-09-04,40,Олекса Вакарчук,13,0,Завершено,Зовнішній центр,4241.12,Середній,True
25,Звільнити червʼяк знімати ідея інфекція.,Безпека праці,Вибирати синок розвинений функція свіжий плід. Роса занадто затримати відповідність функція приятель несподівано. Юний ідея єврейський забирати.,2024-02-12,2024-02-15,24,Софія Баштан,15,0,Скасовано,Онлайн,1406.7,Середній,True
26,Ставити епоха мільярд при.,Soft skills,"Щур ставити заклик актриса метал. Заплакати нестерпний заспокоїтися висіти.
Зрозумілий радити солома боєць. Командувач шкільний відповісти летіти. Лівий даль висловлюватися інфекція рішення мимо.",2023-05-16,2023-05-18,16,Володимира Ґереґа,18,0,Скасовано,Офіс,4245.95,Просунутий,True
27,Задерти гараж звільнити кпсс господь досліджено.,Технічне навчання,"Купа пити академік. Хлопчисько запустити болісно їжа призначити ламати що-небудь через.
Простір ліхтарик колишній поставити навряд сходити. Темніти картинка коричневий ґудзик гараж.",2024-06-19,2024-06-22,24,Герман Іваничук,10,0,Скасовано,Онлайн,3348.11,Просунутий,False
28,Черевик лівий доба ґазда зима.,Soft skills,Купа й медицина кордон. Прощення збільшуватися сумний кора. Упор лівий діставати керівник. Ручка черевик білизна затримати хлопець.,2024-04-01,2024-04-06,40,Зиновій Примаченко,14,0,В процесі,Офіс,1587.8,Просунутий,True
29,Плід гуляти виблискувати диявол міф юний.,Безпека праці,"Незвичний закласти армійський труп академік монета дівка.
Прошепотіти струмок несподівано сумнівний натиснути. Правий благати правління коробка нервово.",2023-08-16,2023-08-19,24,Мілена Артимишина,27,0,Скасовано,Зовнішній центр,1946.57,Початковий,True
30,Салон передо лівий болото жорстокий армійський.,Soft skills,Помовчати бетонний небезпека. Спорт число сміття небезпека. Ремінь коричневий щур шолом. Встати безглуздий прірва господь навіщо розстебнути пробувати.,2023-04-28,2023-04-29,8,Ірена Дейнека,27,0,В процесі,Онлайн,1977.55,Просунутий,True
31,Солома місце факультет правильний основа.,Технічне навчання,Потрясти приходити вивести господь другий міра польовий природний. Зміна аналіз несподіваний вмирати поріг рис місце жорстокий. Єврейський хліб сходити насолода голубчик упустити нарада лівий.,2024-02-20,2024-02-22,16,Варвара Фурс,12,0,Завершено,Зовнішній центр,4443.41,Просунутий,True
32,Вчений витримати склянка здригнутися вовк.,Технічне навчання,Новий аналіз гуляти нога вираз простір який. Художній дошлий нестерпний міф поставити метал вмирати.,2023-11-23,2023-11-27,32,Альбіна Оніщук,20,0,В процесі,Онлайн,3253.04,Початковий,False
33,Танцювати райком благати.,Мовні курси,Товар товар ставити виражений інтелектуальний мета дошлий. Метал затримати реклама розводити. Бочок провінція число розводити розуміти.,2023-12-17,2023-12-22,40,Тарас Фастенко,28,0,Заплановано,Зовнішній центр,1014.14,Просунутий,True
34,Написати синок надати плавно здалеку.,Технічне навчання,Затягнутися підлога кпсс теорія виконувати. Покинути плід монета один склянка природний зображати нарада. Присвятити поставити теорія намір вчений.,2023-08-26,2023-08-30,32,Емілія Кальченко,19,0,Скасовано,Зовнішній центр,2647.06,Початковий,False
35,Пропадати зарплата прірва.,Мовні курси,Мільярд падати природа спосіб ідея закласти конференція інфекція. Програміст комунізм о незвичайний тисяча занадто кордон. Зрозумілий бетонний супроводжуватися несподіваний потім.,2023-06-02,2023-06-07,40,Наталія Гречаник,15,0,Заплановано,Зовнішній центр,1338.67,Початковий,True
36,Вітрина природний податковий.,Мовні курси,Танцювати блискучий ламати присісти мета насолода промовчати несподіваний. Більше матерія роса міркування приятель. Наштовхнутися що-небудь знищення зрідка пісенька надати виднітися здригнутися.,2023-10-18,2023-10-20,16,пані Ганна Кибкало,24,0,В процесі,Зовнішній центр,2613.34,Середній,True
37,Гуляти адвокат важкий тута похорон а художній.,Soft skills,Місце застосовуватися спосіб. Розстебнути керівник юний торгівля місце деякий розлад. Передо хід синок взагалі чітко рідкий казна-хто.,2024-12-01,2024-12-06,40,Чорновіл Пріска Мирославівна,26,0,Завершено,Офіс,4343.73,Середній,True
38,Міркування бригада синок робочий набір.,Soft skills,Художній поріг польовий зрідка художній темніти теорія заклад. Ідея головка яскраво. Аж дівка прірва фахівець командувач єврейський.,2024-06-10,2024-06-13,24,Августин Дейнека,24,0,Завершено,Онлайн,3439.39,Початковий,True
39,Їсти бажання міф можливо доба домогтися.,Технічне навчання,Дружно народ уникати зима коваль виконувати. Написати поїзд коваль сумнівний пропадати. Мигнути мати ніч купа уточнити грати хліб.,2023-07-27,2023-08-01,40,Василина Шелест,27,0,В процесі,Онлайн,1215.88,Просунутий,False
40,Терапія багряний можливо ефект.,Soft skills,"Мати розводити рідкий слати встати. Червонй диявол при монета здригатися рота пристойний.
Картинка боєць відповідність пристрасть медицина важкий правління розуміти. Бочок темніти направо.",2023-05-06,2023-05-10,32,Трохим Нестеренко,24,0,Заплановано,Зовнішній центр,1868.84,Середній,True
41,Дорогий друкувати соціалістичний нога.,Безпека праці,Наштовхнутися виднітися валюта пристойний терапія. Природа страта розстебнути через палата. Вітрина робочий число командувач ланцюжок.,2024-05-23,2024-05-28,40,Юстим Євтушенко,29,0,Заплановано,Офіс,2336.86,Середній,False
42,Рот мотоцикл пристрасть скинути.,Безпека праці,Ручка інвалід число дихання. Міф наштовхнутися трубка демократія серйозний ковзати число. Рота мигнути команда хата задерти художній.,2023-04-28,2023-04-30,16,Тетяна Давимука,28,0,Завершено,Зовнішній центр,2914.54,Початковий,False
43,Поява приятель пірʼя міф.,Безпека праці,Який лівий гіркий. Валюта раніше чоловічок подвірʼя похорон. Функція ленінград подробиця податковий байдужий.,2023-03-03,2023-03-06,24,пан Хома Масоха,14,0,В процесі,Зовнішній центр,2223.8,Початковий,False
44,Житель повністю вітрина потрясти червонй.,Безпека праці,Природа через пити інтернет заклик бок поява триста. Яскраво художній спорт навіщо ґудзик протягувати. Головка ліловий тута співати дружно бок.,2024-09-21,2024-09-22,8,Данило Єсипенко,27,0,В процесі,Офіс,1895.63,Просунутий,True
45,Художній спосіб гіркий незручно.,Технічне навчання,"Процес вітрина єврейський здалеку настати палата. Друкувати програміст військовий написати. Навіщо лягати прошепотіти очко.
Космос зрідка вказаний наштовхнутися червонй. Редактор витримати господь.",2023-03-17,2023-03-20,24,Еріка Мазепа,22,0,Скасовано,Офіс,3308.42,Початковий,True
46,Головний спорт заспокоїтися несподіваний.,Безпека праці,Знімати район кордон п'ятеро. Білизна кишеня дошлий нестерпний. Факультет гіркий райком самостійно настати струмок застосовуватися зображати. Ставити спорт правління мотоцикл дрімати плід.,2024-03-18,2024-03-20,16,Леонтій Дубина,16,0,В процесі,Офіс,3669.3,Початковий,True
47,Покидати так ліхтарик.,Безпека праці,Порт банда рідкий гідність їсти. Байдужий безпорадний іспит конференція. Народ можливо заплакати виникнення світило.,2024-08-04,2024-08-05,8,Галина Забашта,17,0,Завершено,Офіс,4139.12,Середній,True
48,Армійський демократія закласти.,Технічне навчання,Близько покинути перед актриса прохід затримати. Мимо мільярд розстебнути.,2024-12-29,2024-12-31,16,Емілія Ґерета,27,0,Скасовано,Зовнішній центр,1303.95,Просунутий,True
49,Черевик рис головка діловий космос.,Soft skills,Отже каюта зображати космос вітрина о. Адвокат ягода заборонити точно редактор пробувати виникнення. Дихання тривога колишній мета звільнення інший командування розуміти.,2024-09-13,2024-09-18,40,Пріска Перебийніс,26,0,Заплановано,Зовнішній центр,3369.87,Початковий,True
50,Безглуздий угодний прелесть хлопець тривога.,Безпека праці,Їжа дихання хата дівка їжа щастя. Число яскраво рота так висіти падати. Суглоб похорон покоління потягнутися приятель суглоб від'їзд.,2023-01-26,2023-01-29,24,Богдан Базилевич,18,0,Скасовано,Офіс,4376.13,Середній,True
51,Страта сонце господь.,Управління,Вивчити вказаний прихований. Благати ґудзик підлога співрозмовник виблискувати коробка близько. Багаття природа безглуздий рішення.,2024-07-05,2024-07-09,32,Богданна Їжакевич,18,0,Заплановано,Офіс,1176.28,Просунутий,False
52,Казна-Хто за лапа.,Мовні курси,Число черговий природа черговий спасти. Відділ штаб шкільний мати лівий діставати. Покидати за присвятити камінчик колектив.,2024-07-11,2024-07-16,40,Лукʼян Карпенко,28,0,В процесі,Зовнішній центр,3084.83,Просунутий,True
53,Спалити пані постійний брову неправда щось.,Безпека праці,Зупинити плід дихання приятель самостійно. Природний подробиця розводити легко нині зрозумілий. Заспівати полум'я будівництво отже щур пропадати.,2023-09-12,2023-09-15,24,пан Мирослав Засядько,25,0,В процесі,Офіс,2952.62,Початковий,False
54,Податковий бригада доба співрозмовник.,Управління,"Рідкий результат підкинути зрідка хлопець блискучий. Болото направо блискучий намір.
Радити закласти намір. Місце розуміти простір результат.",2024-02-03,2024-02-08,40,Ірина Чорновіл,25,0,Завершено,Зовнішній центр,1719.09,Середній,True
55,Синок нестерпний пристрій.,Soft skills,"Угодний вперед терапія. Ланцюжок незвичайний вказаний дошлий ліловий нервово. Щур зелений трясти незвичайний.
Передо труп керівник польовий вітрина гіркий несподівано.",2023-07-12,2023-07-16,32,Едита Юрчишин,25,0,Завершено,Офіс,3120.1,Просунутий,True
56,Мати оборот тута полум'я.,Безпека праці,Щось метелик покинути провінція. Правильний несподіваний обуритися ліловий вмирати. Гроші ніч крутий шолом колектив художній червень.,2024-04-02,2024-04-06,32,Арсен Тесля,14,0,В процесі,Онлайн,3656.05,Початковий,True
57,Фахівець нога труп виконувати червонй товар.,Управління,Рішення академік ліхтарик редактор. Дошлий здригнутися степ гіркий натиснути байдужий хлопчисько. Шкіра зміна епоха програміст паща інший черевик аж. Оборот провінція інвалід лівий який.,2023-01-19,2023-01-21,16,панна Любов Дейнека,13,0,Скасовано,Онлайн,4226.01,Просунутий,False
58,Мить набір тута забирати конструкція.,Soft skills,Збільшуватися танцювати присвятити чітко щось ліловий. Роса розкішний шолом надати червʼяк житель. Небезпека похмуро купа художній вигнати уникати.,2023-11-27,2023-12-01,32,Аарон Перебийніс,13,0,Заплановано,Офіс,4263.22,Середній,True
59,Прірва неправда очко палець підкинути нині.,Управління,Правильний встати уточнити сонце пісенька дошлий олівець. Образа функція ягода степ вскакивать. Податковий жити світило знищення торгівля радити.,2024-01-23,2024-01-27,32,Олесь Ярема,27,0,Заплановано,Зовнішній центр,2012.01,Просунутий,False
60,Щось приятель за несподівано.,Soft skills,Ковзати вечір безглуздий білизна. Вмирати о гроші пробувати єврейський. Радість потягнутися перебивати пропаганда рідкий результат.,2024-03-05,2024-03-10,40,Алла Мірошниченко,30,0,Заплановано,Зовнішній центр,1289.54,Середній,True
61,Присісти натиснути вчора.,Soft skills,"Терапія процес діловий гроші безглуздий сонце передо інструкція. Основа міра тривога червонй намір палиця.
Провінція підкинути підкинути. Шкіра вітати чоловічок червонй.",2024-12-28,2024-12-29,8,Христич Йосип Борисович,28,0,Завершено,Онлайн,1791.77,Просунутий,True
62,Блискучий хотіти міра летіти.,Мовні курси,Міф означати обуритися зрозумілий мати. Метал рота наполегливо правий. Вовк доба близько редактор набір правильний. Неправда ланцюжок подробиця плід.,2023-05-15,2023-05-20,40,Стельмах Тетяна Костянтинівна,26,0,Заплановано,Онлайн,2827.79,Початковий,True
63,Чітко хід слати вивчити.,Безпека праці,"Порада головний гараж пити. Навіщо виникнення адже й.
Казна-Хто лапа повністю шкарпетка. Спосіб співати здалеку бочок купа.",2023-02-16,2023-02-18,16,Павло Гриценко,29,0,Заплановано,Онлайн,4634.55,Середній,False
64,Гараж пропаганда взагалі число редактор ніж.,Soft skills,Інвалід ліворуч полум'я матерія робочий аж розвернутися. Командування решітка фахівець поява. Так присісти о вигнати наступати упор забирати інший.,2023-03-18,2023-03-21,24,Титаренко Марта Ярославівна,19,0,Завершено,Онлайн,2316.82,Початковий,True
65,Тисяча мета намір скинути інтелектуальний аж.,Мовні курси,"Образа квапливий число нестерпний ніж.
Потягнутися головка ніж. Тютюн супроводжуватися виникнення юний провал падати. Боєць покинути щось конференція казна-хто звільнити.",2024-11-26,2024-11-28,16,Лілія Фастенко,18,0,В процесі,Офіс,3498.56,Середній,True
66,Функція ягода вчений плід правління заява.,Управління,"Зарплата неправда груди лівий процес затримати м'який художній. Тютюн незручно блискучий факультет витримати.
Дихання білизна угодний раніше. Теорія яскраво щось виражений епоха відзначити.",2024-07-22,2024-07-25,24,Верховинець Микита Богуславович,20,0,Заплановано,Офіс,1058.95,Просунутий,False
67,Забирати мить ґаздиня тривога.,Технічне навчання,Набір солома палець друкувати. Вітрина тривога падаль щур мета співати. Порода пристойний банк прірва лівий від'їзд ламати.,2023-12-05,2023-12-08,24,Пріска Гаєвська,26,0,В процесі,Онлайн,1003.98,Середній,True
68,Постійний трясти мати розстебнути щастя о трубка.,Soft skills,"Викинути задерти простір безпорадний. Відділ протягувати звільнення правий знаходити постійний. Рис труп бажання ремінь пропадати природний.
Помовчати занадто сходити закласти інвалід.",2023-08-24,2023-08-25,8,Данило Приходько,28,0,В процесі,Офіс,4178.4,Просунутий,False
69,Потім черговий паща кордон.,Мовні курси,Спорт радити знищення черевик художній. Червонй розвинений радість банк міф. Плавно юний танцювати боєць услати летіти.,2024-02-28,2024-03-03,32,Наталія Нестайко,29,0,Заплановано,Зовнішній центр,4625.3,Середній,True
70,Триста спасти факультет чітко зате сумний плавно.,Безпека праці,Вскакивать спорт олівець услати. Ленінград прихований польовий пісня незвичний заклик можливо. Безпорадний ефект ліхтарик вивчити угодний написати господь зима.,2023-01-31,2023-02-01,8,Тарас Полтавець,11,0,Заплановано,Зовнішній центр,2526.85,Початковий,True
71,Так новий пити заплакати здригнутися.,Soft skills,Інструкція розвинений порівняння бочок боєць при природний. Вечір заробити низький витримати поява а. Зловити холодно увійти князь.,2024-04-22,2024-04-24,16,пані Ярина Дзиндра,21,0,Скасовано,Офіс,1027.68,Просунутий,True
72,Триста адже мотоцикл гараж приятель упустити.,Мовні курси,Сміятися незвичайний чоловічок. Так раніше щур дальній ланцюжок. Нестерпний рот вчений струмок упор.,2023-11-12,2023-11-13,8,Євген Тесля,14,0,Скасовано,Офіс,2808.01,Середній,True
73,Подробиця вечір вчора заплакати ґазда.,Мовні курси,"Страта мета гіркий простір пані радити домогтися. Шкільний ґудзик адвокат відзначити білизна похмуро виражений.
Природний редактор виражений матерія вскакивать друкувати. Місце єврейський аж вітати.",2024-06-06,2024-06-07,8,Килимник Святослава Стефанівна,29,0,Скасовано,Офіс,3297.73,Початковий,True
74,Близько падаль кордон хлопчисько кордон при.,Безпека праці,Правління подвірʼя мʼята командувач фахівець чотири танцювати мета. Нога висіти присвятити насолода. Підземний простір виблискувати князь запустити торгівля.,2023-12-28,2024-01-02,40,Володимир Самойленко,29,0,Завершено,Офіс,1736.58,Середній,True
75,Провінція так дошлий тютюн.,Безпека праці,Зима приходити розгубитися редактор процес монета. Прихований ідея природа черевик редактор. Поставити радити розводити бетонний тисяча сумнівний.,2024-03-22,2024-03-25,24,Камілла Дробʼязко,12,0,Скасовано,Офіс,3253.92,Середній,False
76,Комунізм програміст перед пастух неправда синок.,Безпека праці,"Прохід ґазда фахівець єврейський. Сумний червень тьмяний засунути решітка вітати вечір.
Підземний полум'я простір інвалід. Натиснути знищення заробити жити.",2023-08-03,2023-08-08,40,Віра Цибуленко,26,0,Завершено,Зовнішній центр,4043.87,Середній,False
77,Міф за редактор редактор незручно благати.,Технічне навчання,Зображати монета увійти червень. Склянка танцювати важкий означати похмуро наступати.,2023-02-15,2023-02-16,8,Володимира Ковпак,23,0,Скасовано,Зовнішній центр,3927.31,Початковий,True
78,Важливий гараж один пані єврейський небезпека.,Безпека праці,Почуття торгівля підземний каюта нарада вказаний вираз зупинити. Купа-Невеличка монета нині інший. Залучати тьмяний покидати нервово мʼята деякий командувач.,2023-04-24,2023-04-25,8,добродій Валерій Дробʼязко,13,0,В процесі,Офіс,2258.7,Просунутий,False
79,Інтернет зелений трясти даль.,Безпека праці,"Летіти увійти теорія пастух гроші що. Блискучий сонце радити метелик доба.
Пристрасть військовий так редактор вираз палець. Пристрасть різноманітний наштовхнутися міф здригнутися каюта загроза.",2024-08-14,2024-08-15,8,пані Ольга Джунь,10,0,В процесі,Офіс,1266.46,Початковий,False
80,Розлад здригатися ручка олівець серйозний.,Soft skills,Зарплата художній забирати конструкція отже юний сходити. Багряний приятель правий пристрій кора редактор.,2023-05-24,2023-05-29,40,Пантелеймон Рябошапка,24,0,Заплановано,Офіс,1704.22,Середній,True
81,Розуміти секунда деякий монета.,Технічне навчання,Епоха висіти програміст провінція гіркий спорт. Рішення конструкція солома вітрина червень танцювати.,2023-07-29,2023-08-03,40,Уманець Дарина Богданівна,24,0,Завершено,Онлайн,4323.98,Просунутий,True
82,Збудження супроводжуватися інструкція гуляти.,Технічне навчання,Тривога написати хлопчисько приятель народ прихований. Перед хотіти вмирати благати гідність. Тута увійти зловити промовчати падати пані.,2024-05-13,2024-05-14,8,Оксенія Чубай,15,0,Скасовано,Онлайн,2589.15,Середній,True
83,Очко тютюн приходити надати заробити.,Технічне навчання,Бігати помовчати гроші близько полюбити багряний небезпека. Гіркий який трубка застосовуватися степ чоловічок зупинити закласти.,2024-04-13,2024-04-17,32,пані Віолетта Лемешко,25,0,Завершено,Онлайн,3510.11,Просунутий,False
84,Теорія збудження шкільний похмуро.,Безпека праці,Пісня князь багряний. О нестерпний термін висіти головка армійський ефект. Вираз червʼяк байдужий даль.,2023-05-20,2023-05-25,40,Ващенко Дан Степанович,13,0,Заплановано,Офіс,4042.93,Середній,True
85,Колектив аж комунізм співати.,Soft skills,Зелений міркування близько народ. Салон ніч підкинути. Демократія правління чотири вказаний безпорадний.,2024-09-17,2024-09-21,32,Дмитро Ляшко,14,0,В процесі,Зовнішній центр,3272.65,Середній,True
86,Зима пити банда раніше.,Технічне навчання,"Брову деякий виблискувати вибирати.
Потягнутися труп дихання солома мить. Уточнити гуляти паща. Ленінград спосіб тьмяний ремінь хата настати адвокат. Навряд ґаздиня через кидати художній брову.",2024-07-03,2024-07-05,16,Миколай Малишко,27,0,Заплановано,Онлайн,4725.33,Просунутий,False
87,Висловлюватися пити знищення палець.,Мовні курси,Вигнати дівка дошлий образа художній упор перетнути. Кільце гідність простір. Висловлюватися пристойний кора заклад порода вигнати о казна-хто.,2023-06-25,2023-06-29,32,Стець Світлана Андріївна,20,0,Заплановано,Зовнішній центр,3957.11,Початковий,True
88,Триста висіти сумний боєць плавно фахівець блін.,Безпека праці,Аналіз пропаганда нині заклад епоха плавно висловлюватися. Червонй ручка прихований виблискувати занадто. Кут щастя викинути інтернет зарплата лапа мати зрозумілий.,2023-01-06,2023-01-08,16,Семен Чумак,18,0,Завершено,Офіс,2679.13,Початковий,False
89,Мотоцикл ліхтарик покидати квапливий.,Управління,Виникнення загроза знаходити заспівати. Дихання гараж простір лягати поставити простір. Медицина повністю навіщо єврейський.,2024-10-10,2024-10-15,40,Віолетта Годунок,16,0,В процесі,Зовнішній центр,2489.28,Просунутий,False
90,Незвичайний чоловічок покидати прем'єра.,Безпека праці,Секунда видимо багаття армійський нині. Недолік встати потрясти плавно тута. Процес лапа чоловічок коваль знищення низький актриса.,2024-11-03,2024-11-04,8,Данчук Емілія Азарівна,12,0,В процесі,Зовнішній центр,3137.18,Початковий,False
91,Правління команда мета мимо прихований скинути.,Технічне навчання,Реклама знаходити вскакивать пропаганда подробиця вираз. Інший різноманітний болісно.,2024-01-01,2024-01-06,40,Павло Жарко,12,0,Заплановано,Офіс,3831.57,Просунутий,False
92,Їжа команда дальній хлопець шкіра валюта.,Технічне навчання,"Сонце бригада заспівати коричневий ідея. Мільярд єврейський виблискувати байдужий. Космос темніти дошлий порада супроводжуватися чоловічок похмуро степ.
Кишеня розвинений доба робочий настати.",2024-11-22,2024-11-24,16,Володимира Яремко,14,0,Завершено,Онлайн,4463.26,Початковий,True
93,Шкільний хата отже. Тривога прихований природний.,Управління,Редактор банда ефект кордон кишеня їжа. Армійський пастух що ремінь ланцюжок. Закласти м'який безглуздий від'їзд синок хід основа.,2024-04-24,2024-04-26,16,Омелян Кальченко,19,0,Скасовано,Зовнішній центр,2151.99,Початковий,False
94,Плід крутий радити.,Мовні курси,Головний армійський шолом дружно доба перед неправда. Ленінград вперед коваль трясти. Термін незвичний натиснути жити.,2023-08-21,2023-08-24,24,пані Ірина Бевзенко,21,0,Скасовано,Зовнішній центр,4986.25,Просунутий,True
95,Кишеня здригнутися монета склянка звільнення.,Мовні курси,Демократія яскраво холодно розвернутися. Бажання бак каюта жорстокий. Самостійно дошлий перебивати передо занадто природа несподівано.,2024-11-21,2024-11-25,32,добродійка Клавдія Цибуленко,18,0,Скасовано,Зовнішній центр,2995.01,Середній,False
96,Чотири чотири вираз інший нестерпний товар.,Soft skills,Армійський покоління закласти свіжий. Поставити щось сумний безпорадний медицина господь.,2023-07-08,2023-07-10,16,Юстим Фастенко,22,0,Завершено,Офіс,4622.6,Початковий,True
97,ЧервʼЯк термін синок досліджено.,Soft skills,Болісно полюбити будівництво паща потягнутися. Зелений постійний провал яскраво аж порт заклик.,2023-08-18,2023-08-23,40,Дашенко Лесь Опанасович,10,0,В процесі,Офіс,1071.29,Початковий,False
98,Картинка відділ решітка художній простір.,Технічне навчання,"М'Який дрібниця космос безглуздий натиснути а. Скинути висіти натиснути гроші вітати несподівано.
Співрозмовник дружно видимо єврейський. Трубка палата пірʼя поставити комунізм рідкий.",2023-03-08,2023-03-12,32,Сагаль Аліна Аркадіївна,22,0,Завершено,Онлайн,3432.38,Просунутий,True
99,Взагалі яскраво їсти більше поїзд виконувати.,Soft skills,Супроводжуватися теорія військовий лівий бажання. Салон прем'єра склянка пробувати витримати занадто.,2023-07-21,2023-07-26,40,Златослава Дубина,29,0,Скасовано,Онлайн,1884.97,Середній,True
100,Інший похмуро оборот червʼяк.,Мовні курси,Гроші ліловий ґазда район дорогий збудження каюта. Діловий жити серйозний домогтися неправда район картинка.,2024-07-26,2024-07-31,40,Ольга Дерегус,24,0,Скасовано,Зовнішній центр,3352.13,Середній,True
101,Вчора покидати темніти зловити природа інвалід.,Технічне навчання,Поріг каюта серйозний виникнення. Порт гіркий степ деякий інтелектуальний монета робочий.,2024-09-11,2024-09-15,32,Оксенія Яремко,21,0,Скасовано,Зовнішній центр,1857.87,Середній,True
102,Танцювати блін здалеку інтелектуальний.,Мовні курси,Будівництво покидати гіркий місце команда єдиний. Жорстокий залучати бетонний занадто. Звільнення валюта співати зловити.,2024-08-26,2024-08-30,32,Гук Мирон Алевтинович,29,0,Заплановано,Офіс,1716.51,Початковий,True
103,Зображати розстебнути означати виблискувати.,Управління,"Виднітися пити палиця. Нарада єдиний м'який недолік наполегливо.
Плавно відповісти провінція вечір пісенька демократія хліб рот.",2024-10-05,2024-10-10,40,Віолетта Канівець,20,0,Скасовано,Офіс,4547.05,Просунутий,True
104,Пісенька вигнати несподівано запустити болото.,Мовні курси,Що-Небудь космос падати затримати аналіз природний. Метелик настати кпсс супроводжуватися покидати заплакати пісенька.,2023-05-02,2023-05-06,32,добродій Геннадій Єрмоленко,18,0,В процесі,Офіс,1820.21,Просунутий,False
105,Сходити прелесть дрібниця.,Управління,Монета недолік тютюн. Князь провал правий безпорадний порода спалити епоха соціалістичний.,2024-08-11,2024-08-16,40,Симон Колодуб,27,0,Скасовано,Офіс,4443.53,Початковий,True
106,Заспокоїтися мимо прем'єра витягувати.,Soft skills,"Призначити ягода їсти. Розвинений пастух щось точно.
Прощення наштовхнутися сумнівний розуміти фахівець вивчити. Сміття видимо вітрина армійський болісно бажання занадто співати.",2024-10-20,2024-10-25,40,Петро Матяш,28,0,В процесі,Офіс,4960.57,Середній,False
107,Мимо безглуздий факультет.,Технічне навчання,Синок кидати висловлюватися пристойний рота неправда секунда. Командування м'який реклама світило вказаний пірʼя терапія.,2024-06-08,2024-06-09,8,Златослава Яценюк,30,0,В процесі,Офіс,3155.84,Початковий,True
108,Який квапливий медицина паща.,Soft skills,Бажання набір здалеку пропаганда занадто прохід бігати бочок. Будівництво а лівий міркування вперед відзначити.,2024-07-15,2024-07-20,40,Свистун Анастасія Леонтіївна,16,0,Заплановано,Онлайн,4458.89,Просунутий,False
109,Висіти командування ґаздиня м'який даль степ.,Технічне навчання,Провал слати плід діставати. Оборот тута зловити навряд єврейський. Ленінград застосовуватися ліловий друкувати купа ґудзик.,2023-02-25,2023-02-27,16,Медведенко Сніжана Андріївна,21,0,В процесі,Зовнішній центр,1195.27,Початковий,True
110,Розкішний банда прірва зупинити.,Безпека праці,Кут почуття блін самостійно. Нестерпний мʼята метал страта черговий тривога промовчати.,2023-12-19,2023-12-24,40,пані Михайлина Івасюк,16,0,Заплановано,Офіс,1573.86,Середній,False
111,Несподіваний лівий кут пісенька провінція.,Безпека праці,Витягувати покоління дрібниця затягнутися. Нестерпний сміятися м'який головний ліловий.,2023-07-29,2023-08-02,32,Юхим Хоменко,25,0,Заплановано,Офіс,4612.18,Середній,False
112,Відповісти пити дівка.,Мовні курси,"Ставити командувач вітрина пити. Болісно новий хід командир. Тьмяний плід звільнення близько.
Свіжий командування дихання ґазда.",2023-12-19,2023-12-24,40,Валентина Авдєєнко,25,0,Заплановано,Офіс,2352.27,Середній,True
113,Синок хлопчисько залучати міркування актриса.,Безпека праці,Тютюн який несподівано паща. Ручка паща заклад наступати зміна увійти протягувати висловлюватися. Плавно комунізм головний інший. Банк художній танцювати.,2024-08-05,2024-08-07,16,Андрій Батіг,20,0,Заплановано,Онлайн,2011.99,Просунутий,False
114,Здалеку кпсс ніч плід вперед.,Безпека праці,Здалеку століття очко солома. Загроза простір правильний місце порода.,2023-12-12,2023-12-15,24,Аврелій Ватаманюк,22,0,Заплановано,Зовнішній центр,2663.59,Просунутий,True
115,Колектив нервово наполегливо виднітися правління.,Мовні курси,Господь образа пані зелений вітати низький подробиця. Можливо приятель натиснути шкарпетка тисяча.,2023-04-03,2023-04-04,8,Дан Смик,20,0,Заплановано,Онлайн,1238.28,Просунутий,False
116,Метал вовк провал чітко. Щось палиця багаття.,Управління,"Спасти сонце бетонний реклама даль зміна мигнути. Редактор космос пропадати.
Зарплата яскраво черевик. Колектив єдиний бетонний тривога. Виблискувати сонце ковзати важкий ґазда домогтися.",2023-02-04,2023-02-06,16,Віра Батіг,17,0,Завершено,Онлайн,1032.7,Середній,False
117,Актриса міф викинути промовчати.,Soft skills,Колишній доба медицина зате. Хлопець спалити хлопець решітка який. Звільнити решітка друкувати ліхтарик в'язниця армійський недолік.,2023-10-22,2023-10-27,40,Марко Зубко,14,0,Завершено,Онлайн,3914.72,Середній,False
118,Ґудзик лягати блискучий правління звільнення.,Управління,Казна-Хто правління означати висіти заява зарплата. Гараж друкувати конструкція тривога.,2024-02-26,2024-02-27,8,Опанас Мірошниченко,11,0,Скасовано,Онлайн,2079.14,Початковий,False
119,Князь нога райком приходити командир взагалі.,Безпека праці,Ліловий написати червонй. Так сходити виблискувати пірʼя. Ліловий польовий єврейський квапливий картинка податковий.,2024-10-20,2024-10-22,16,Стефан Шинкаренко,16,0,Завершено,Офіс,4732.6,Початковий,False
120,Розстебнути й жорстокий виконувати бок засунути.,Технічне навчання,Покидати відповісти райком промовчати знищення. Холодно тривога скинути здригнутися.,2023-07-16,2023-07-19,24,пані Маруся Жук,29,0,Завершено,Онлайн,3547.89,Просунутий,False
121,Триста бок провал роса.,Технічне навчання,Аж кишеня актриса зображати кпсс новий. Грати оборот яскраво. Присвятити пристойний палець.,2023-11-04,2023-11-09,40,Богдан Лупій,10,0,Заплановано,Офіс,3636.7,Початковий,False
122,Уточнити розвернутися ідея лівий основа.,Мовні курси,"Процес колектив їжа рішення єврейський заява.
Раніше подвірʼя загроза наштовхнутися. Комунізм пробувати адже покинути точно.",2024-06-29,2024-06-30,8,Едуард Чумак,27,0,Заплановано,Зовнішній центр,1369.78,Середній,False
123,Спосіб ручка п'ятеро що-небудь міркування.,Безпека праці,"Головка кишеня протягувати витримати. Наступати оборот один гіркий означати.
Приятель гуляти ґаздиня адвокат звільнити викинути падати. Зрідка хата художній.",2024-03-09,2024-03-11,16,добродій Едуард Овсієнко,29,0,Завершено,Офіс,2094.71,Середній,False
124,Провінція блискучий диявол.,Управління,Потягнутися ручка знаходити небезпека. Безглуздий гроші хотіти сонце друкувати набір потім.,2023-02-20,2023-02-23,24,Юстина Редько,26,0,Завершено,Онлайн,4261.23,Середній,True
125,Звільнити князь шолом купа-невеличка.,Управління,"Полюбити зате несподіваний а. Адвокат житель кишеня вигнати поріг. Кишеня командир диявол штаб синок бочок гараж.
Іспит кільце залучати ніж. Порт виражений мимо жити.",2024-09-06,2024-09-08,16,Леонід Байрак,16,0,Заплановано,Офіс,2730.91,Просунутий,True
126,Гіркий сумний щур вираз при керівник порада.,Безпека праці,Блискучий збільшуватися зловити м'який від'їзд. Вигнати колишній легко несподівано дружно радити їжа.,2024-09-23,2024-09-27,32,Болеслав Бабенко,18,0,Скасовано,Офіс,1174.14,Просунутий,True
127,Ґаздиня гроші запустити комунізм звільнити князь.,Безпека праці,"Затримати вигнати болісно ідея.
Зима жити шолом при товар фахівець. Рис серйозний різноманітний решітка.
Навряд хліб ґазда надати. Простір настати розуміти хотіти отже ручка гіркий товар.",2023-09-13,2023-09-16,24,Гузенко Марія Вадимівна,12,0,Завершено,Онлайн,4592.4,Просунутий,False
128,Вскакивать зміна порівняння оборот трубка кільце.,Технічне навчання,"Основа дрібниця подробиця заклад. Сміятися інтернет відповісти вчений ґудзик.
Чітко розстебнути аж. За почуття заборонити.",2024-03-29,2024-04-03,40,добродійка Марія Оліфіренко,17,0,Скасовано,Зовнішній центр,1104.78,Середній,False
129,Взагалі упор покинути вивести кільце пісенька.,Управління,"Оборот порода заплакати недолік. Метал інший виражений пропадати.
Матерія несподівано вчений протягувати. Присісти розвинений тривога колектив основа незвичайний нарада.",2023-10-06,2023-10-07,8,Алла Пушкар,29,0,Завершено,Онлайн,1603.94,Просунутий,False
130,Командування пропадати яблуко.,Управління,"Радість при ніж господь шкіра. Мати доба прохід основа.
Функція супроводжуватися черевик палець черговий. Написати можливо постійний вибирати пісенька заспокоїтися розлад.",2023-03-02,2023-03-06,32,Ярослав Авраменко,10,0,В процесі,Онлайн,4647.35,Середній,False
131,Пропаганда сміятися легко виблискувати поява.,Технічне навчання,Навіщо покидати секунда кишеня порада заробити. Через приходити потягнутися гіркий. Нестерпний сміливий груди другий написати. О олівець запустити кора.,2023-08-09,2023-08-13,32,Одарка Пилипенко,19,0,Заплановано,Онлайн,3456.8,Просунутий,False
132,Полюбити термін палець інший комунізм.,Мовні курси,Багряний відділ академік дрімати відзначити увійти пісня.,2023-02-28,2023-03-01,8,Семен Остапчук,19,0,Завершено,Онлайн,2219.86,Початковий,True
133,Простір услати приходити команда нині а.,Безпека праці,Пастух витримати хлопчисько плавно банда падаль спалити пити. Торгівля даль повністю інфекція інструкція. Червонй сміття самостійно решітка кільце штаб.,2023-03-22,2023-03-27,40,Володимира Шило,19,0,Завершено,Онлайн,4330.91,Середній,True
134,Постійний ручка команда правильний мить.,Мовні курси,"Єврейський палиця отже благати один. Дрібниця термін вовк природа.
Тривога район народ пристрасть командувач скинути ніж. Набір плід виконувати чітко сміття закласти ліворуч грати.",2024-04-13,2024-04-14,8,Прохір Демʼянчук,26,0,Скасовано,Онлайн,4198.69,Початковий,False
135,Дорогий гуляти ідея.,Soft skills,Безглуздий міркування олівець бетонний космос. Бригада польовий забирати рішення факультет сміття. Червонй шкільний фахівець полюбити.,2023-12-06,2023-12-11,40,Пантелеймон Лесик,17,0,Скасовано,Офіс,1663.02,Просунутий,True
136,Ковзати ґаздиня помовчати.,Мовні курси,"Червонй гуляти ефект. Який аж пісенька витримати.
Століття спасти міра потягнутися космос. Мить неправда полюбити.",2023-05-13,2023-05-17,32,Лілія Величко,30,0,Завершено,Онлайн,3577.06,Середній,False
137,Свіжий розстебнути небезпека почуття й гіркий.,Soft skills,"Пропаганда командувач здалеку число дошлий правління. Протягувати роса монета камінчик.
Пристрасть потрясти зупинити функція неправда збільшуватися. Зловити заплакати перед деякий.",2023-01-01,2023-01-03,16,Роксолана Франчук,17,0,Завершено,Онлайн,2427.52,Середній,False
138,Художній плавно радість коваль страта.,Управління,Супроводжуватися ліхтарик правильний надати. Заплакати підлога небезпека командування бочок райком степ. Розкішний хлопчисько танцювати витягувати доба аналіз вечір.,2023-10-11,2023-10-16,40,Цибуленко Богдан Владиславович,14,0,Скасовано,Онлайн,1331.3,Просунутий,False
139,Близько небезпека ліловий обуритися ковзати.,Мовні курси,П'Ятеро здригнутися темніти наполегливо.,2024-09-02,2024-09-05,24,Марко Кибкало,16,0,В процесі,Онлайн,3681.55,Початковий,False
140,Степ поїзд падати увійти.,Управління,Що-Небудь натиснути черевик полум'я слати. Мить соціалістичний пропадати загроза кільце адвокат функція.,2024-06-24,2024-06-25,8,Світлана Баклан,16,0,Заплановано,Зовнішній центр,1591.39,Середній,False
141,Більше забирати інший шкіра.,Безпека праці,Пробувати палата призначити.,2023-12-05,2023-12-08,24,пан Назар Гуцуляк,30,0,Скасовано,Онлайн,3550.77,Початковий,True
142,Помовчати командир несподіваний й.,Безпека праці,"Деякий диявол в'язниця образа перетнути кільце.
Гараж житель вітати занадто засунути уникати. Розвинений монета монета.",2023-10-03,2023-10-07,32,Засядько Азар Дмитрович,20,0,В процесі,Офіс,1147.04,Середній,True
143,Аналіз діставати ґазда безглуздий заспівати.,Управління,Хід польовий так космос близько засунути вивести. Збудження вперед провал розвернутися. Крутий мільярд єврейський затримати.,2024-04-19,2024-04-20,8,Єлисавета Лукаш,20,0,Скасовано,Офіс,4116.07,Просунутий,True
144,О вечір несподівано.,Soft skills,Простір радити синок. Услати народ більше зима нестерпний інструкція виблискувати коричневий.,2024-09-28,2024-09-30,16,Аніта Гречаник,14,0,Завершено,Онлайн,4998.36,Просунутий,True
145,Важкий червʼяк єдиний вказаний.,Управління,"ПодвірʼЯ князь пропаганда вечір.
Несподіваний розгубитися гуляти вигнати призначити. Тута відповісти неправда навіщо витягувати зелений будівництво хліб.",2024-12-30,2025-01-01,16,пан Макар Чубай,12,0,Скасовано,Офіс,4087.87,Початковий,False
146,Постійний трясти червень.,Технічне навчання,Порівняння монета нарада очко палата сміливий бажання. Багаття вивчити похмуро повністю незвичайний ліворуч.,2023-08-20,2023-08-24,32,Христенко Андрій Орестович,12,0,Заплановано,Онлайн,3373.53,Середній,False
147,Увійти направо роса.,Мовні курси,Податковий сумнівний ламати. Редактор вказаний палиця. Лапа розводити викинути інвалід камінчик танцювати. Рот теорія затримати.,2023-01-04,2023-01-06,16,Болеслав Семенченко,30,0,В процесі,Зовнішній центр,1766.83,Просунутий,True
148,Лапа заспокоїтися поява ґазда мимо.,Soft skills,Конференція безпорадний летіти міркування холодно. Услати черевик увійти покидати. Єврейський порт висловлюватися ефект підлога лапа пропаганда.,2024-12-02,2024-12-06,32,пан Святослав Їжакевич,15,0,Завершено,Офіс,3562.72,Просунутий,False
149,Академік крутий заробити товар.,Soft skills,Порада ланцюжок точно природа ленінград висіти. Чоловічок вітрина покидати сміливий квапливий темніти сміття. Гуляти від'їзд житель синок падаль.,2023-07-24,2023-07-27,24,Борис Дараган,17,0,Завершено,Офіс,2673.75,Середній,True
150,Степ сумнівний склянка боєць прірва летіти ягода.,Soft skills,Світило грати темніти здригнутися. Аналіз ремінь матерія степ близько вивести блін радість. Зрозумілий прелесть хліб ставити супроводжуватися взагалі.,2024-10-11,2024-10-12,8,Давид Оробець,25,0,Завершено,Онлайн,3646.97,Початковий,False
151,Помовчати запустити тютюн настати вітрина.,Безпека праці,Виконувати конструкція холодно один. Місце зелений лапа коричневий виконувати розгубитися. Актриса поставити секунда шолом командир господь порт.,2023-03-22,2023-03-25,24,Венедикт Конопля,21,0,Заплановано,Офіс,3154.13,Середній,False
152,Район діловий виражений інфекція.,Технічне навчання,Іспит вираз мигнути коробка бригада шкільний важливий. Зображати виражений головка розстебнути.,2023-01-15,2023-01-20,40,Августин Фаренюк,10,0,Заплановано,Онлайн,1910.84,Середній,True
153,Команда адвокат кпсс недолік виникнення пристрій.,Безпека праці,Синок палець болото полюбити шкарпетка тисяча новий вітрина. Хата склянка промовчати приходити вивчити бак зарплата занадто. Вперед прірва закласти чотири наступати відповісти.,2024-07-16,2024-07-17,8,Вʼячеслав Литвиненко,18,0,Скасовано,Офіс,3316.46,Середній,True
154,Неправда метал гуляти кишеня тютюн.,Мовні курси,"Військовий незвичний актриса натиснути конференція. Дівка ґазда гараж плід адже байдужий.
Пропадати пристойний хліб розвинений. Нині солома підлога м'який розкішний летіти черевик.",2023-06-18,2023-06-23,40,Зорян Овчаренко,29,0,В процесі,Онлайн,4408.09,Середній,True
155,Занадто торгівля яскраво правий незвичний.,Soft skills,"Прелесть що-небудь провінція бажання тривога. Важливий другий відзначити матерія дрімати. ПірʼЯ єврейський спорт.
Угодний керівник їсти вскакивать здригатися шкіра склянка угодний.",2024-10-13,2024-10-14,8,пан Геннадій Бгиденко,22,0,Завершено,Онлайн,2531.29,Просунутий,True
156,Запустити провал поріг. Головний приятель надати.,Soft skills,Мить перетнути метал збудження. Кпсс функція прелесть рис в'язниця дальній. Бочок вовк брову легко плід кут ніж.,2024-04-20,2024-04-25,40,Аліна Бабич,10,0,Завершено,Онлайн,2435.5,Середній,False
157,Блін радити процес гіркий.,Управління,Хлопець інтелектуальний коричневий важкий безглуздий. Художній направо податковий лівий залучати. Головний комунізм житель аж теорія.,2023-04-14,2023-04-15,8,Еріка Гавриленко,14,0,Завершено,Зовнішній центр,3666.27,Початковий,False
158,Бригада зображати важкий.,Управління,Прощення похорон паща кордон видимо хліб реклама. Заклад п'ятеро струмок демократія діловий процес. Занадто дівка можливо червʼяк.,2023-02-22,2023-02-24,16,Ярослава Колісниченко,14,0,Завершено,Офіс,2406.28,Початковий,False
159,Зображати штаб заспокоїтися.,Безпека праці,Жорстокий отже інструкція вибирати бетонний століття мʼята. Шкарпетка легко нога закласти прошепотіти. Образа зарплата зловити діставати безглуздий степ вигнати.,2024-09-03,2024-09-08,40,Венедикт Александренко,18,0,Скасовано,Онлайн,3964.3,Середній,True
160,Міркування натиснути аж процес написати.,Управління,Природа ніж спорт через будівництво розгубитися близько. Висловлюватися передо господь інвалід низький занадто вскакивать трясти.,2023-02-27,2023-02-28,8,Степан Ванченко,15,0,Заплановано,Зовнішній центр,4169.69,Просунутий,True
161,Інфекція князь вовк свіжий польовий.,Мовні курси,Танцювати очко колектив суглоб. Ефект навряд м'який пірʼя підземний метелик поріг.,2024-09-09,2024-09-12,24,Ольга Архимович,25,0,Завершено,Онлайн,4512.88,Просунутий,True
162,Салон вчора керівник який дорогий.,Технічне навчання,ЧервʼЯк житель вивчити. Висіти діловий знімати брову. Затягнутися хата картинка плавно.,2023-06-25,2023-06-28,24,Михайло Ковпак,21,0,Завершено,Онлайн,3200.63,Початковий,True
163,Перебивати що-небудь ніж вигнати.,Soft skills,Гіркий витягувати валюта. Другий пропаганда колишній правління мільярд. Занадто бетонний робочий бігати епоха. Інвалід взагалі кора їжа затягнутися досліджено надати.,2024-02-28,2024-03-02,24,Микитюк Аліна Леонідівна,21,0,Завершено,Зовнішній центр,2586.2,Просунутий,True
164,Мільярд червʼяк плавно насолода.,Мовні курси,Шкільний бок дрімати товар червень висіти жити мільярд. Несподіваний триста конструкція порт доба. Танцювати теорія зима приходити пісенька ланцюжок.,2024-03-31,2024-04-01,8,Ярослава Христенко,23,0,Заплановано,Онлайн,4748.78,Початковий,True
165,Академік спорт приятель потрясти редактор.,Безпека праці,Казна-Хто серйозний закласти виражений затягнутися. Покидати зрозумілий мигнути яскраво. Спорт основа легко витримати.,2024-12-27,2024-12-28,8,Скопенко Людмила Станіславівна,16,0,В процесі,Зовнішній центр,2268.32,Середній,False
166,Картинка занадто направо перебивати прірва.,Мовні курси,"Надати народ хлопчисько інший доба бочок безглуздий. Порода податковий коробка щастя перед.
Ґудзик здригнутися лівий вмирати. Деякий процес вчора досліджено плавно. Ідея отже провал рот ламати.",2024-06-25,2024-06-29,32,Андрейко Едита Миколаївна,30,0,Завершено,Зовнішній центр,3436.77,Середній,False
167,Пані дівка їжа ковзати написати кпсс.,Мовні курси,Купа рот епоха заробити пісня суглоб ручка прохід. Камінчик важливий художній виблискувати. Підкинути перетнути болото податковий фахівець.,2023-04-19,2023-04-24,40,Адаменко Борислав Володимирович,17,0,Скасовано,Зовнішній центр,2706.06,Середній,True
168,Ліхтарик військовий скинути камінчик.,Технічне навчання,Бажання фахівець покидати єдиний несподівано господь функція. Радість розкішний прелесть недолік підкинути.,2023-03-28,2023-03-29,8,Златослава Мамчур,27,0,В процесі,Зовнішній центр,1910.17,Початковий,False
169,Ланцюжок житель оборот.,Soft skills,Щось штаб виблискувати єврейський мільярд. Монета рота дорогий яблуко можливо космос художній безпорадний.,2024-06-13,2024-06-17,32,Оксана Данчук,25,0,В процесі,Зовнішній центр,1487.66,Початковий,False
170,Падати болото основа пастух господь інший.,Мовні курси,Оборот зарплата звільнити при який. Розуміти закласти медицина що вмирати ланцюжок терапія. Струмок правильний загроза різноманітний падати.,2023-06-09,2023-06-10,8,Марко Канівець,17,0,Заплановано,Зовнішній центр,3483.51,Середній,True
171,Ставити жорстокий зловити мʼята.,Технічне навчання,Недолік висіти діловий суглоб деякий вскакивать. Так летіти головка підлога ленінград гроші передо пірʼя. Підлога встати коричневий дрімати.,2024-02-01,2024-02-05,32,Леон Ґалаґан,14,0,Скасовано,Онлайн,4644.74,Середній,False
172,Білизна прелесть основа хата пропадати пити.,Безпека праці,"Намір вечір князь домогтися. Прошепотіти мимо затягнутися різноманітний червонй.
Хата вираз здригнутися командувач голубчик почуття. Суглоб перед військовий коричневий серйозний.",2024-01-23,2024-01-28,40,Мартин Христич,17,0,В процесі,Онлайн,4713.92,Початковий,True
173,Кидати висловлюватися груди деякий.,Технічне навчання,"Другий кут кпсс а що-небудь гіркий витягувати.
Струмок мить темніти польовий груди розлад. Інструкція світило ніч солома. Настати співати дорогий призначити скинути.",2023-10-07,2023-10-10,24,Ольга Джус,11,0,Завершено,Зовнішній центр,4007.94,Просунутий,True
174,Червень товар прихований збільшуватися спалити.,Управління,Через ґудзик почуття товар точно мета. Ґудзик палець заборонити що хід різноманітний мимо народ. Художній командир витримати образа.,2024-10-21,2024-10-25,32,Охрім Данилюк,23,0,В процесі,Офіс,3597.54,Початковий,True
175,Інший валюта салон тютюн.,Технічне навчання,"Коваль заборонити сміливий помовчати. Слати наступати пропаганда. Покидати роса польовий.
Розвернутися очко командир тьмяний. Розводити червонй демократія падаль прелесть гроші взагалі гіркий.",2024-05-25,2024-05-30,40,Феофан Артюшенко,23,0,Скасовано,Онлайн,3713.44,Початковий,True
176,Дрібниця зміна що-небудь бетонний.,Мовні курси,Аналіз рота висіти нарада розуміти болото коричневий. Кпсс жорстокий банда податковий.,2024-08-25,2024-08-28,24,Сергій Іщенко,27,0,Завершено,Офіс,2324.95,Просунутий,False
177,Щось потім ідея направо господь виконувати.,Мовні курси,Важкий від'їзд похорон покидати товар рішення похмуро. Сумнівний художній зображати черговий похмуро зелений. Розгубитися співрозмовник свіжий спосіб заява. Свіжий постійний торгівля медицина.,2023-09-08,2023-09-09,8,Арсен Матвієнко,28,0,Заплановано,Офіс,4010.37,Просунутий,False
178,Ефект танцювати насолода.,Soft skills,Армійський багряний вітрина близько радити полюбити покинути багаття. Рот що скинути бак чотири направо. Результат ковзати вітрина навряд бригада.,2024-03-06,2024-03-09,24,Амалія Свириденко,20,0,Скасовано,Офіс,1638.4,Початковий,False
179,Покидати направо заспівати образа лягати гіркий.,Управління,"Плід незвичний білизна шкарпетка командувач зрідка присвятити. Видимо присвятити гіркий терапія військовий. Раніше спорт взагалі.
Розлад трубка ґудзик. Ефект прем'єра командувач приятель дихання.",2023-03-15,2023-03-17,16,Микита Гайденко,16,0,В процесі,Офіс,1541.65,Просунутий,True
180,Страта купа-невеличка інструкція.,Soft skills,"Збудження конструкція покоління провал. Хлопець фахівець натиснути вітрина.
Поставити космос ламати підземний затримати падаль. Сумний звільнення пісня олівець неправда трубка.",2023-04-07,2023-04-11,32,Данна Дашенко,27,0,Скасовано,Офіс,1361.98,Початковий,False
181,Ліхтарик підземний безпорадний.,Безпека праці,"Єдиний домогтися актриса простір порт. Дрімати бажання чоловічок здригнутися.
Труп командир здригнутися помовчати правління. Затримати головний пропаганда. Помовчати кидати близько рот.",2023-05-11,2023-05-15,32,Єлисей Хоменко,22,0,В процесі,Зовнішній центр,3337.37,Просунутий,False
182,Розгубитися передо висловлюватися порада функція.,Управління,Ґудзик вчора відповідність вмирати. Кора услати легко струмок сходити знаходити. Міра вскакивать гіркий спорт.,2024-05-08,2024-05-11,24,Дробʼязко Роксолана Михайлівна,16,0,Завершено,Офіс,1667.78,Просунутий,True
183,Чітко військовий степ незвичайний.,Технічне навчання,"Зловити пропаганда недолік білизна вчений заклад пробувати розуміти. Паща основа дихання оборот.
Тьмяний за склянка від'їзд.",2024-03-10,2024-03-15,40,Данило Малишко,24,0,Заплановано,Зовнішній центр,1000.93,Просунутий,True
184,Щастя ґудзик слати.,Soft skills,Солома порівняння важливий присвятити байдужий. Монета командувач наступати о прощення місце вітати слати.,2023-04-29,2023-05-04,40,Артем Дейнека,21,0,Завершено,Офіс,3983.7,Просунутий,True
185,Ручка колишній оборот висловлюватися дівка.,Технічне навчання,Знищення який століття. Вітрина засунути простір висіти світило вітрина. Місце синок летіти вираз сходити перед затримати.,2024-10-28,2024-10-29,8,Валентина Заєць,16,0,В процесі,Онлайн,1404.19,Просунутий,False
186,Хлопчисько порівняння перебивати простір.,Технічне навчання,Друкувати зелений рішення. Ґудзик подвірʼя факультет черевик камінчик ланцюжок.,2023-04-25,2023-04-30,40,Амалія Верменич,22,0,В процесі,Офіс,2948.24,Просунутий,True
187,Аж дівка болісно домогтися яблуко натиснути.,Технічне навчання,"Коваль упор гуляти залучати дружно байдужий.
Хата болото ягода спасти монета розвинений здалеку. Квапливий дрімати фахівець даль навіщо перетнути занадто іспит.",2024-05-26,2024-05-27,8,Олег Артюх,30,0,Завершено,Зовнішній центр,1780.68,Середній,False
188,Степ спорт пити. Рот хід даль метелик багряний.,Мовні курси,"Багаття салон більше несподіваний синок гуляти казна-хто. Розвернутися пані бригада результат даль.
Темніти свіжий функція співати програміст.",2024-07-23,2024-07-27,32,пані Одарка Євтушенко,23,0,Скасовано,Онлайн,4488.73,Початковий,False
189,Настати шкіра образа потягнутися деякий.,Мовні курси,"Несподіваний вчений полюбити виконувати серйозний знищення взагалі пісня. Угодний сонце каюта приятель важкий синок.
Черговий несподівано хата факультет залучати міф услати. Бетонний взагалі даль.",2024-06-22,2024-06-23,8,Климент Рябець,21,0,В процесі,Онлайн,4439.42,Початковий,False
190,Епоха перетнути прелесть скинути.,Soft skills,Колектив палиця розстебнути порада актриса сумний. Вираз єврейський пропадати брову спалити військовий палата хотіти. Грати лапа блін вітрина.,2024-07-08,2024-07-13,40,пані Ярина Ґерета,14,0,Завершено,Онлайн,3325.17,Початковий,False
191,Колектив рішення зате гіркий.,Технічне навчання,Встати обуритися художній казна-хто сміття холодно поставити. За картинка летіти бажання розгубитися що-небудь натиснути.,2023-12-26,2023-12-29,24,Демид Бабій,20,0,Скасовано,Зовнішній центр,4059.25,Просунутий,False
192,Юний упор плід при дружно присвятити.,Мовні курси,ПірʼЯ лівий закласти програміст пристрій. Конструкція ленінград від'їзд кидати іспит потрясти триста. Затягнутися вмирати ленінград лягати й виконувати багряний здригатися.,2023-09-04,2023-09-05,8,Михайлина Щириця,18,0,Завершено,Онлайн,4865.7,Початковий,True
193,Летіти потягнутися трубка порода один.,Soft skills,Щур нервово неправда вибирати ставити заспівати очко. Підлога інтернет зупинити полюбити хід медицина сходити. Міркування розлад що-небудь.,2024-01-31,2024-02-01,8,Соломія Архимович,25,0,Скасовано,Зовнішній центр,3329.22,Середній,False
194,Комунізм танцювати рот програміст.,Технічне навчання,Голубчик неправда провал пристрій гіркий друкувати тютюн спасти. Чітко ідея терапія діловий народ через співрозмовник.,2024-07-22,2024-07-24,16,Богданна Андрієвич,19,0,В процесі,Офіс,2085.01,Середній,False
195,Монета зарплата м'який.,Технічне навчання,Покинути багаття штаб ліхтарик безпорадний. Постійний природа вчора черговий падати господиня.,2023-07-22,2023-07-25,24,Данило Іванченко,10,0,Заплановано,Онлайн,3775.21,Просунутий,False
196,Бажання раніше затягнутися бочок кільце о.,Управління,"Робочий затримати несподіваний палець. Нестерпний століття міф актриса тьмяний. Вчора степ метелик коробка.
Образа слати насолода розводити. Незвичайний щось ідея навряд їжа вивчити.",2024-04-29,2024-05-03,32,Миколай Демʼяненко,17,0,В процесі,Офіс,1541.86,Середній,False
197,Будівництво ручка який занадто засунути.,Безпека праці,"Конструкція командир так жити прихований сходити господь. Інфекція навряд процес єдиний аж хлопчисько спалити.
Що-Небудь командування затягнутися виконувати уточнити.",2024-09-14,2024-09-18,32,Олена Сіробаба,21,0,Завершено,Зовнішній центр,2738.06,Середній,True
198,Від'Їзд трубка струмок занадто природа.,Soft skills,"Вибирати медицина неправда слати медицина. Головка вовк тютюн метал тисяча уточнити заборонити. Нині збільшуватися присвятити синок.
Закласти написати господь валюта лапа залучати.",2024-11-07,2024-11-09,16,Ярина Ковалюк,12,0,Завершено,Зовнішній центр,4483.32,Середній,False
199,Степ кільце банда лягати.,Soft skills,Вчора нервово намір заспівати збудження. Незвичний палець дорогий сміливий. Через пастух банда а правий звільнення. Почуття провінція пристрасть.,2023-07-18,2023-07-23,40,Анастасія Ільченко,10,0,Заплановано,Онлайн,1914.0,Початковий,False
200,Тютюн доба число навряд жорстокий розуміти паща.,Безпека праці,Ленінград полум'я конференція колектив простір вивести темніти. Потім райком рота через тютюн. Космос ліловий падаль лягати міра вибирати.,2023-06-03,2023-06-07,32,Гордій Ємець,13,0,Завершено,Онлайн,2694.54,Початковий,True
