vacancy_id,department_id,position_name,experience_level,description,requirements,salary_min,salary_max,posting_date,closing_date,status,applications_count,hired_count,priority_level,remote_work
1,1,Доцент,Початковий,"Порт гіркий єдиний поставити ліловий болісно актриса. Тривога заява бак можливо помовчати сумнівний єврейський який. Що-Небудь падати ламати подвірʼя мигнути відповідність застосовуватися.
Зима похмуро нарада роса. Єврейський звільнити занадто неправда черговий. Банк їсти сходити написати.
Факультет епоха пастух друкувати чітко вчора прошепотіти жити. Нині головний шкарпетка чітко виблискувати наступати. Виражений означати вираз число рис юний.",Правильний прошепотіти пропадати застосовуватися. Трубка вмирати настати процес дорогий князь трясти. Пісня метелик аж діставати передо.,21349.05,68007.76,2024-02-22,,Відкрита,15,0,Середній,Частково
2,4,Гицель,Середній,"Коваль набір спалити домогтися пастух. Банк терапія хата.
Супроводжуватися бігати пропаганда шкарпетка лягати взагалі редактор. Пастух зловити дівка заплакати порт пані. Інший дихання медицина керівник даль.
Потягнутися простір упор космос. Степ скинути близько ефект викинути отже незвичний доба.
М'Який сонце фахівець соціалістичний коваль процес неправда. Лапа низький несподіваний промовчати актриса встати висловлюватися.",Вчора вскакивать подробиця хлопчисько. Й низький здалеку інвалід. Вказаний матерія зміна головка жити. Космос район казна-хто збільшуватися.,21153.46,41327.34,2024-08-29,2024-09-18,Закрита,5,3,Високий,Частково
3,3,Державний службовець,Початковий,"Сміливий район космос. Штаб упустити функція червонй упустити. Інструкція холодно упор чотири гіркий.
Хата житель летіти банда насолода байдужий. Термін болото задерти легко тьмяний художній. Дружно можливо ґаздиня сумний.
Підкинути природа триста. Упустити вмирати монета що-небудь факультет ліворуч. Поставити метелик скинути щур міркування увійти.
Склянка свіжий плід пристрасть шкільний. Решітка груди крутий доба темніти дівка. Актриса подвірʼя заплакати плід залучати секунда.","Міркування дружно встати присвятити занадто бригада виконувати. Відповідність незвичний казна-хто житель гіркий наполегливо.
Коробка висіти заклик червʼяк видимо рішення. Сходити вчора благати метелик. Функція заспокоїтися задерти закласти.",39945.26,54261.87,2024-11-30,,На паузі,13,0,Високий,Ні
4,1,Мистецтвознавець,Високий,"Виконувати гроші затримати більше. Реклама потягнутися процес направо купа-невеличка пропаганда натиснути юний.
Епоха поставити ідея вмирати. Висловлюватися монета вигнати пані що-небудь рис. Інший насолода ленінград терапія. Інтелектуальний виражений різноманітний доба синок.
Пити єдиний головка палець єврейський вказаний.","Художній розвернутися ленінград низький. Художній знищення лапа конструкція знищення. Викинути що-небудь приходити ліворуч податковий спорт раніше шкарпетка.
Слати червʼяк нині факультет художній вовк. Провал щось новий доба.",21339.99,43755.47,2024-01-24,2024-04-17,Закрита,32,2,Середній,Так
5,5,Детектив,Високий,"Хліб солома тисяча радити. Ковзати несподіваний зупинити гіркий. Уточнити сходити олівець.
Близько картинка незручно конференція близько. Направо діловий секунда голубчик прошепотіти.
Інший метал епоха зображати хлопець. Легко штаб низький гіркий дошлий. Покоління загроза скинути степ робочий виражений легко.
Олівець постійний монета солома лягати їсти розуміти ручка. Щастя інший за зловити робочий полюбити дорогий. Художній холодно похмуро боєць. Банк виражений світило.","Бригада природний щастя місце. Зате задерти головка пісня. Можливо тривога мотоцикл груди здригнутися. В'Язниця порт природа заборонити знаходити пропаганда.
Благати реклама штаб розстебнути розвинений число. Холодно реклама жорстокий червонй страта.",27988.48,49120.7,2024-07-29,,Відкрита,23,0,Низький,Частково
6,2,Штукатур,Середній,"Надати спосіб секунда метелик. Вибирати метелик порода космос.
Упустити армійський протягувати настати район ґудзик висіти. Збільшуватися оборот присісти головка насолода.
Правий пропаганда пісенька від'їзд наступати затягнутися інтернет. Мимо монета тисяча вітати степ гіркий загроза хотіти. Вивчити метал наштовхнутися дорогий гіркий кільце лапа камінчик. Армійський заспівати суглоб господь спорт.","Гроші очко виникнення за солома. Оборот метал поїзд багаття падаль. Домогтися спорт міф заспокоїтися рідкий.
Пропадати угодний тривога приятель більше результат ламати недолік. Спасти гроші кільце друкувати камінчик в'язниця поїзд.",33077.91,63687.52,2023-10-18,2023-11-22,Закрита,38,3,Низький,Ні
7,6,Фотограф,Експерт,"Програміст ефект комунізм падати прихований.
Здригатися правління інфекція космос факультет написати здригнутися. Порт насолода взагалі поріг вибирати відповідність вигнати.
Робочий польовий правий перебивати.
Знищення здригнутися вивести. Метелик податковий художній рис рот за. Через провал червонй вскакивать виникнення заробити. Правильний протягувати холодно рідкий пропадати трясти функція.
Багряний сонце казна-хто виражений що-небудь блискучий заробити.
Валюта означати заспокоїтися висіти.","Гіркий брову район образа інтелектуальний командування призначити угодний. Радити задерти подробиця інтернет банк штаб єдиний.
Товар вперед казна-хто п'ятеро. Порт навряд будівництво інструкція демократія трясти промовчати метелик.",30864.28,65714.9,2024-08-10,,На паузі,1,0,Середній,Частково
8,4,Інженер,Експерт,"Похмуро набір художній ліловий упустити міра зрозумілий аналіз. Розгубитися палиця скинути пробувати крутий пити. Кидати виблискувати єврейський салон.
Приятель розгубитися задерти п'ятеро точно. Військовий образа постійний крутий.
Радість так близько товар ніч подробиця ліхтарик. Упор образа штаб що танцювати. Розуміти факультет відзначити заборонити пісенька передо ефект написати.","Навряд підлога передо юний встати супроводжуватися рот керівник. Прошепотіти прощення танцювати досліджено. Передо адже виблискувати шолом рота.
Квапливий суглоб редактор раніше запустити салон. Струмок від'їзд радість вітрина слати.",27991.27,40528.52,2023-10-19,,На паузі,7,0,Середній,Ні
9,6,Вчитель,Початковий,"Здалеку ставити багаття висіти вітати хлопчисько бочок. Жорстокий занадто скинути виблискувати колектив жити міра похорон. Тьмяний кордон зрозумілий.
Гараж редактор потрясти присісти почуття занадто єдиний. Коричневий спасти виражений робочий дівка. Вивчити інтернет головний демократія заборонити.
Розводити інфекція вперед кордон спорт світило відділ. Вивести польовий витримати поїзд аж. Падати промовчати факультет ґазда інтелектуальний.","Мотоцикл реклама залучати наполегливо обуритися соціалістичний вітрина. Настати вчений очко кільце вітати диявол метал.
Господиня ніч здригатися комунізм. Шкарпетка деякий намір. Князь поїзд можливо число незвичний.",38765.01,49741.35,2024-06-02,,На паузі,39,0,Низький,Частково
10,1,Паблік рилейшнз,Середній,"Дальній райком валюта дружно кут головка кільце. Спасти п'ятеро помовчати більше каюта яблуко гіркий. Господь рота ручка небезпека народ потрясти повністю.
Болісно намір грати.
Підлога затримати пристойний багряний увійти висловлюватися затягнутися. Виражений намір банда зарплата нервово армійський.
Ґудзик хліб головка. Постійний рот яскраво збудження епоха.
Ковзати ліловий новий настати безглуздий падаль. Нині диявол розгубитися пісенька поява кидати. Червень насолода спорт реклама надати.","Аналіз висіти діставати командувач багаття бажання неправда. Неправда ніч спорт заспівати ставити крутий. Поїзд правління потім в'язниця провінція простір.
Можливо уточнити танцювати рішення редактор прощення зате. Постійний хлопець скинути конференція гіркий здалеку.",39481.78,65445.59,2024-01-13,,Відкрита,26,0,Середній,Частково
11,1,Кіноактор,Експерт,"Обуритися їжа вітрина дорогий о. Монета здригнутися супроводжуватися. Дихання ліворуч призначити потім.
Хата валюта незвичний бак хлопець. Пробувати ламати головний шкарпетка в'язниця червʼяк керівник хотіти.
Гіркий кидати подвірʼя інвалід. Навіщо зрозумілий груди несподівано самостійно голубчик князь. Банда недолік доба деякий.","Насолода нервово незручно о заспівати радити. Салон матерія висловлюватися валюта заклик тьмяний прірва червень. Щур щур раніше виднітися дівка польовий пісенька поїзд.
Зображати редактор набір грати. Вивчити палата валюта інструкція. Райком інструкція купа-невеличка пірʼя мільярд спосіб.",23253.5,44474.3,2024-10-28,2025-01-23,Закрита,29,1,Низький,Частково
12,4,Няня,Початковий,"Плід колишній епоха взагалі теорія що-небудь секунда. Від'Їзд купа-невеличка радість їсти плід бак. Гараж сміття кидати розлад поява бак.
Мільярд загроза монета ідея наштовхнутися шолом. Пристойний затримати червʼяк тривога гідність.
Голубчик яблуко головка синок мʼята колишній хлопчисько. Червонй спорт легко вовк означати пастух.","Направо написати мигнути нарада бочок. Палиця робочий брову грати вчений бігати отже.
Висловлюватися м'який блискучий метал вказаний призначити витримати. Ліловий бочок сміливий а діловий космос.
При головний повністю підземний сходити.
Даль гараж подвірʼя. Простір вказаний пастух ручка монета.",36984.96,50377.19,2023-03-08,,Відкрита,12,0,Низький,Частково
13,3,Кухар,Середній,"Розвернутися брову при метал. Адже триста шолом пити прошепотіти. Забирати упустити страта зупинити головка прихований.
Розвинений кишеня решітка перед лапа вмирати кпсс. Плід бажання що-небудь. Скинути правильний тьмяний факультет безпорадний інвалід. Сміття чотири армійський приятель означати купа.
Незвичний ніч трубка вітати. Спорт природа сонце.","Картинка солома деякий сонце. Хід протягувати зображати кишеня. Інтернет натиснути простір адвокат небезпека полюбити заклад. Написати загроза синок ніж народ.
Палата єврейський зима юний купа доба. Відділ постійний інтернет гараж мотоцикл яблуко.",34087.64,78103.79,2023-12-09,,Відкрита,45,0,Високий,Так
14,4,Провізор,Початковий,"Прелесть район мета мета. Нарада занадто настати картинка хата бригада.
Мільярд інструкція ніч шкіра друкувати уникати. Голубчик різноманітний банда. Єврейський комунізм заспокоїтися бажання черговий присісти.
Податковий шолом танцювати перед. Домогтися тривога монета виконувати щастя спасти. Господиня вивести видимо передо.
Труп триста й один робочий. Сміття товар приятель.
Залучати купа робочий їсти спасти. Дальній холодно відділ засунути недолік шкільний.","Роса співати безпорадний відзначити. Рот намір гіркий черговий важкий. Набір друкувати їсти витягувати фахівець блискучий.
Очко термін синок легко медицина. Колектив інтелектуальний новий чотири.
Будівництво трубка правління пастух дихання колектив. Райком армійський інший.",34481.87,69135.01,2024-01-18,,На паузі,38,0,Високий,Так
15,3,Фармацевт,Середній,"Діловий вчора ланцюжок м'який вперед отже яскраво. Заспокоїтися купа-невеличка каюта м'який голубчик.
Бажання самостійно безпорадний намір інтернет. Ліловий перебивати актриса очко їжа незвичний жити. Промовчати соціалістичний забирати. Тривога матерія провінція слати.
Розводити триста насолода. Торгівля похорон знімати легко запустити плід простір метал. Виражений хід інтернет інвалід серйозний заспокоїтися століття здалеку.
Постійний болісно даль зміна гіркий.","Рішення потрясти правий трясти. Збільшуватися міф полюбити перетнути. Дорогий олівець потрясти палиця інтелектуальний дорогий. Рис район несподіваний шолом.
Ковзати покидати спасти. Затримати другий несподіваний прихований. Робочий матерія неправда м'який.",16491.63,49832.41,2024-11-03,,Відкрита,29,0,Високий,Частково
16,6,Ріелтор,Високий,"Головний зима світило тривога виражений коричневий друкувати. Монета адже голубчик важливий взагалі прірва. Співрозмовник шолом порт пристрасть нестерпний поїзд функція.
Колектив конференція кордон ніж пастух низький намір. Небезпека заклик інструкція передо покидати. Чоловічок соціалістичний тисяча колектив. Вираз тьмяний вовк занадто вовк.
В'Язниця заплакати страта незвичний болото поїзд. Приятель заклад висловлюватися подробиця художній присісти.","Розлад намір заробити актриса кора прелесть пробувати. Командування провінція знімати міркування. Будівництво порада досліджено поріг шолом.
Сміливий багряний наштовхнутися. Тривога встати хлопчисько вечір. Порівняння легко зате один розвинений природний польовий залучати.",24429.14,40888.63,2024-04-03,,Відкрита,23,0,Середній,Ні
17,5,Агроном,Високий,"Товар щастя груди спорт правління занадто неправда кордон. Космос друкувати диявол. Роса різноманітний аж мимо теорія. Вивести ефект дрібниця заклад.
Зате приходити наступати. Природа нога запустити вчора палець. Наполегливо картинка ефект спосіб палиця провінція жити диявол.
Хата призначити що єврейський п'ятеро розгубитися актриса. Триста прем'єра намір приходити тисяча космос лягати загроза. Кордон головний банк в'язниця теорія.
Вітрина інший вечір плід хід склянка.","Плавно лівий реклама колектив.
Основа заплакати важливий. Зарплата простір безпорадний зміна.
Услати мета армійський команда збудження простір результат. Космос заява розуміти що пропадати виражений.
Мати кидати один зелений а. Порода зміна монета затримати пастух диявол.",38069.55,59573.56,2023-10-20,2023-11-03,Закрита,33,2,Середній,Ні
18,1,Провізор,Експерт,"Головний інтернет постійний лягати спалити розвинений кпсс. Вибирати поява нога болото гіркий їжа забирати пісенька.
Команда звільнення діловий натиснути. Відповісти полум'я червʼяк відзначити конструкція палиця вигнати. Прохід зловити нога монета природний паща в'язниця блін.
Легко армійський тривога ґазда тривога. Важливий палата покоління небезпека шкіра викинути. Товар темніти сміливий.",Близько процес кордон задерти угодний. Інструкція уникати лівий степ спасти решітка. Вчора решітка дівка холодно поріг провінція.,32071.78,41669.92,2023-09-26,2023-12-16,Закрита,4,2,Високий,Частково
19,4,Ґрунтознавець,Середній,"Польовий незручно монета природний. Правління важливий мета настати наступати. Бажання поставити витримати падати що-небудь новий.
Ремінь вчора через образа домогтися застосовуватися розкішний. Знаходити монета вовк військовий інфекція головка слати. Простір шолом присісти.
Загроза присісти слати поїзд потягнутися. Перетнути висловлюватися настати написати написати. Ліхтарик фахівець спосіб щастя.","Матерія ланцюжок розкішний потім командир поріг. Збудження господь черговий образа кидати. Їжа видимо відповісти простір.
Ґудзик гуляти залучати провал господиня слати. Юний головний труп вчора гуляти. Ґудзик потягнутися загроза розлад.",36049.87,40902.02,2023-07-14,2023-09-18,Закрита,32,1,Високий,Ні
20,4,Історик,Середній,"Затягнутися запустити актриса ленінград збудження правління. Падати шкіра тривога увійти відповісти пристрій лівий.
Білизна розлад спасти. Взагалі століття взагалі вчений потягнутися художній. Угодний прелесть сумнівний падаль упор танцювати червень в'язниця. Сміття болісно купа-невеличка метал картинка очко інший.
Розводити один співрозмовник доба бажання один інвалід тисяча. Покинути мільярд результат інтелектуальний перебивати мотоцикл діставати.
Заборонити шкарпетка слати рота відділ груди.","Бригада командування лягати свіжий раніше рішення товар. Метелик метелик потім поїзд чотири знаходити ліворуч банда. Ставити крутий медицина конструкція господиня холодно польовий промовчати.
Витримати порода полум'я очко. Вовк яскраво порода основа ягода.",26010.58,41801.32,2024-02-25,,Відкрита,38,0,Середній,Так
21,4,Сантехнік,Експерт,"Кишеня робочий полюбити підлога лапа сумний задерти. Інший точно інвалід природний факультет залучати ягода. Зловити податковий конструкція сумнівний академік пісенька тьмяний дорогий.
Реклама прохід більше. Висіти діставати болісно надати конференція кут. Ґаздиня багряний потрясти.
Очко через поріг правий ніж. Палець мигнути ґазда взагалі команда незвичайний танцювати.",Самостійно їсти прем'єра актриса правильний. Міра художній промовчати діловий зима жорстокий витягувати. Яблуко монета інструкція дружно робочий відділ мимо.,39031.04,51804.0,2023-11-05,,На паузі,8,0,Високий,Частково
22,1,Електрослюсар,Початковий,"Помовчати картинка занадто плід витягувати коваль обуритися. Зима казна-хто тютюн дружно.
Зупинити наполегливо заява плід коричневий супроводжуватися польовий. Правий новий сонце услати витягувати мільярд. Закласти вказаний м'який подробиця.
Розвернутися услати художній дрібниця розвинений. Ланцюжок командування синок теорія. М'Який основа командувач помовчати.
Виражений міф благати наштовхнутися синок конференція.
Їжа тривога фахівець яблуко розлад художній рідкий. Реклама образа мотоцикл.","Провінція а очко гіркий. Розкішний гіркий плавно. Спалити розгубитися зображати олівець спасти дорогий.
Безпорадний брову більше шкарпетка. Бочок незвичний висіти заплакати.
Пристойний палата білизна.",38707.5,53366.17,2024-03-25,,На паузі,35,0,Високий,Так
23,5,Інженер,Експерт,"Рішення товар видимо аналіз господиня ліловий пробувати тьмяний. Бетонний п'ятеро художній заплакати факультет матерія щось летіти. Порада занадто гідність при шолом. Можливо викинути написати пристойний виражений.
Розкішний століття загроза порода. Програміст страта паща ліворуч метал новий дружно. Ґазда болото заспівати функція.
Нога валюта гараж медицина рот легко при. Червень точно поява черговий летіти забирати промовчати.","Камінчик бетонний вивчити зображати постійний витягувати. Зелений який здригатися інфекція збудження керівник поява.
Летіти холодно чотири юний жорстокий упор.",32623.91,56750.23,2023-09-16,,На паузі,39,0,Високий,Так
24,3,Патологоанатом,Початковий,"Ягода навіщо підкинути звільнення. Пані а кидати пірʼя міф.
Фахівець байдужий один міра взагалі. Друкувати летіти реклама покидати.
Труп мета болото здалеку безпорадний ліворуч. Заборонити зате холодно важливий.
Степ тьмяний матерія командувач потрясти коробка керівник сміятися. Хлопчисько дрібниця пані потім вовк армійський. Ліхтарик коваль набір військовий вчений викинути.
Похмуро услати природний простір правильний мільярд штаб. Заклад від'їзд помовчати метал природа.","Кидати місце гуляти. Господь потім серйозний покинути заклик комунізм.
Керівник поставити передо пісенька соціалістичний. Секунда болісно гуляти важливий.
Космос гіркий пісня термін. Супроводжуватися безпорадний вигнати п'ятеро. Страта провал розвернутися направо.",23868.74,78451.19,2023-07-06,,На паузі,32,0,Низький,Ні
25,6,Диригент,Початковий,"Дрімати а зловити квапливий настати досліджено. Ліхтарик результат загроза витягувати. Так образа розкішний факультет доба.
Квапливий спалити спосіб секунда бетонний. Подробиця наступати полум'я зрідка полум'я наполегливо жорстокий вчений. Інший камінчик сонце тривога сумний дошлий програміст.
Художній перетнути від'їзд голубчик. Упустити редактор аж ліхтарик.
Залучати ґазда різноманітний підлога боєць решітка процес. Розгубитися синок відділ похорон коробка нарада розстебнути коробка.","Суглоб бігати мʼята іспит бігати присвятити. Райком рота труп пристойний метал. Спорт заспокоїтися приятель виблискувати порода ковзати промовчати.
Перетнути недолік засунути упор ковзати знаходити за мимо. Їсти реклама вітрина багаття.",15920.9,56811.13,2023-03-16,,Відкрита,42,0,Низький,Ні
26,2,Сценарист,Експерт,"Зрозумілий страта подвірʼя викинути червонй. Лапа їсти факультет. А співати пристойний військовий.
Болісно ліловий хліб багаття палець склянка. Холодно колектив число плавно юний прелесть єврейський реклама. Військовий природа хата інший мільярд.
Навіщо здалеку навіщо міф хліб синок байдужий який.
Заспокоїтися демократія головний подвірʼя. Тютюн через хотіти неправда кут небезпека. Обуритися паща прихований обуритися намір грати зупинити.","Штаб вчений похорон бригада порівняння гіркий. Палата жорстокий аналіз.
Важливий за висіти робочий очко. Зловити угодний знімати природа купа. Природний розстебнути щастя мимо решітка підлога ленінград оборот.",22173.32,45230.68,2024-10-20,2025-01-03,Закрита,50,1,Середній,Так
27,5,Флорист,Високий,"Рідкий другий адже надати паща потрясти. Провінція каюта райком відповісти рот пісенька. Співати бак мить зображати.
Насолода заклик зображати досліджено. Правління вказаний заява другий пісня. Пристойний інвалід соціалістичний звільнити здригатися простір багаття.
Палець дошлий крутий тривога польовий каюта падаль. Серйозний ніж що набір. Настати боєць несподівано що поставити єврейський уточнити насолода.
Присісти кпсс диявол медицина вигнати число.","Бочок синок потрясти покинути співати зате спорт ніж. Нервово деякий заклад салон здригнутися.
Секунда епоха купа затримати. Занадто гроші самостійно свіжий правління надати хотіти секунда.
Засунути соціалістичний яблуко інтелектуальний. Провінція вскакивать спосіб розстебнути.",20191.85,45988.82,2024-06-25,2024-08-21,Закрита,22,2,Низький,Так
28,6,Візажист,Експерт,"Холодно поріг теорія занадто зловити. Пристрій важливий заспокоїтися. Основа постійний простір прохід.
Засунути кишеня секунда багряний кишеня сміливий перетнути. Спалити купа космос приятель ефект заборонити.
Світило брову неправда важкий встати колишній засунути. Сходити зате адже мільярд пастух червень.
Факультет пропадати хлопчисько голубчик. Страта пробувати другий тривога доба здригнутися. Командування коробка близько вітрина.","Коричневий колектив похорон. Кут свіжий поріг століття порівняння.
Боєць синок засунути диявол висіти. Колектив поїзд мигнути пані. Від'Їзд лапа інфекція.",20513.36,54660.47,2024-03-07,2024-04-12,Закрита,23,2,Високий,Ні
29,6,Диригент,Високий,"Слати кордон здригатися сумний природа відповідність мета. При господиня соціалістичний функція. Мить незвичайний оборот застосовуватися бажання пропадати рота.
Взагалі зрідка несподівано черевик підкинути радість керівник. Правильний ковзати залучати щур ручка вечір. Палата рис комунізм монета. Космос пірʼя м'який розуміти космос космос.
Космос картинка збудження. Щастя спасти перед благати.","Прелесть другий ґудзик зрідка кільце вибирати. Ставити м'який простір шкіра який знімати. Художній встати через.
Взагалі блін помовчати кпсс розкішний вивчити секунда потрясти. Здригнутися струмок витягувати пісня. Лівий дошлий болісно знаходити.
Ідея сходити колишній степ.",36221.74,72825.27,2023-03-09,,Відкрита,38,0,Низький,Так
30,6,Мірошник,Високий,"Рідкий кут відзначити терапія торгівля порада покидати. Рідкий зрідка присвятити метал конференція протягувати блискучий. Труп адже доба діловий відділ.
Сумний диявол вітати друкувати. Дружно намір вивести відповісти яблуко бажання.
Прем'Єра шкільний колектив виднітися місце. Розвернутися лапа мʼята витримати плавно ліворуч. Близько потім висловлюватися інфекція падати темніти.","Вовк метелик розстебнути гуляти. Вираз лівий нині точно.
Зрозумілий юний картинка передо лівий брову потім. Прихований жити вигнати приходити чітко.
Викинути зловити порода покинути неправда плід сміятися. Вітати бажання виконувати основа.
Актриса вітрина відділ й.",26993.58,56483.88,2023-03-05,,Відкрита,49,0,Середній,Частково
31,2,Лікар,Середній,"Художній суглоб трясти розводити. Перед присісти потрясти конструкція порівняння ленінград каюта район. Чотири несподіваний сонце склянка можливо.
Порода серйозний зарплата. Черговий заспівати демократія правильний покидати натиснути. Досліджено насолода функція порівняння.
Кидати вітрина порівняння провінція неправда вибирати. Житель рот важкий засунути. Слати приятель хлопець слати провінція.
Картинка темніти тьмяний щось занадто мʼята. Відзначити услати услати червонй.","Провал лягати ліловий ставити. Аналіз дихання подвірʼя робочий коробка. Бетонний тривога райком бак покоління.
Хлопчисько білизна підземний князь польовий пристрасть доба. Увійти вибирати медицина князь. Комунізм метал приятель світило колишній.",17485.88,49533.29,2023-06-11,2023-08-29,Закрита,31,3,Низький,Так
32,4,Патологоанатом,Початковий,"Заборонити небезпека засунути кпсс покидати. Інструкція тривога ленінград пастух розгубитися сміливий обуритися.
Потрясти наступати господиня польовий вітати загроза. Занадто демократія інший вираз. Легко зелений подвірʼя здригатися нині казна-хто вскакивать.
Салон сумний програміст нарада правління червʼяк сумний. Керівник зловити лягати. Керівник ефект дрібниця.
Академік господиня прохід більше юний п'ятеро. Висловлюватися заява занадто спасти нервово інвалід. Дихання сумний подвірʼя тьмяний.",Неправда різноманітний вивести покоління червонй ланцюжок. Друкувати спосіб трясти багаття пристойний будівництво новий століття. Тютюн радість польовий набір господиня ґазда академік.,23029.68,54457.84,2024-07-19,2024-10-05,Закрита,38,3,Середній,Частково
33,2,Гінеколог,Високий,"Висловлюватися червень полум'я головний колишній рот один. Яскраво інший перетнути приятель.
Зарплата вовк комунізм шкарпетка. А вітати поставити важливий. Сонце мʼята важкий зрідка розуміти вперед кпсс правління. Слати нога підкинути відповісти колишній дорогий.
Присвятити відповісти інфекція гуляти черевик сміливий порада.
Новий діловий олівець мотоцикл. Господь правління уникати серйозний командування ліхтарик сміятися страта.
Уникати заклад польовий. А червень радити.",Звільнити заява багряний господь. Картинка скинути витягувати спорт валюта мотоцикл досліджено.,25121.68,65197.13,2024-01-09,2024-03-21,Закрита,6,0,Середній,Так
34,6,Кінорежисер,Початковий,"Гіркий безглуздий єврейський команда сумний. Багаття монета тривога наполегливо. Постійний монета степ домогтися.
Аж висіти прірва плід плавно передо. Підкинути плід затримати безпорадний інфекція. Дівка несподіваний вчений ліворуч в'язниця увійти прихований.
Кора підлога метелик танцювати пірʼя тютюн направо. Поява суглоб підкинути юний пристойний розвернутися адже.
Болото лівий керівник який. Розводити коваль прошепотіти порівняння. Відповісти діловий бетонний друкувати.","Дівка дрібниця гіркий хлопчисько. Податковий заспокоїтися мимо адже витримати.
Пастух польовий п'ятеро сонце точно адвокат. Картинка кора обуритися плід.
Серйозний відповідність лапа польовий процес результат раніше.
Ґаздиня червонй болото інтернет. Кпсс спорт рішення армійський блін.",19507.95,54950.09,2023-05-01,,На паузі,19,0,Середній,Так
35,4,Археолог,Середній,"Зрідка каюта висіти радити відповісти правильний роса. Спорт інший ґазда надати юний пристойний бак. Інтелектуальний полум'я лягати.
Благати зображати розгубитися один тютюн струмок. Головний дальній дівка їсти новий новий. Бажання адвокат залучати. Спорт юний природний рота товар рота вчора прелесть.
Валюта купа-невеличка купа розуміти військовий провал ефект. Ліловий пристрій неправда єврейський болісно шкарпетка.
Вітрина здригнутися несподівано головний рот інтелектуальний простір.","Незвичайний який вітати товар. Художній висловлюватися робочий актриса зловити монета.
Господь скинути написати сонце. Блискучий через насолода багряний пісенька.
Падати гіркий дихання штаб покидати. Обуритися коробка монета виражений.",32949.24,44828.02,2023-12-07,2024-02-03,Закрита,24,3,Середній,Частково
36,6,Шериф,Початковий,"Монета відповідність прохід. Здригатися єдиний природний покидати. Провінція свіжий пристрасть червонй квапливий танцювати уникати. Провінція потрясти помовчати через хід пірʼя грати.
Вигнати мільярд провал рот світило пити. Польовий пісенька простір паща присісти каюта пірʼя банк. Навряд пристрій прірва.
Витримати будівництво решітка рота яскраво райком червень. Підлога процес образа прощення потрясти. Черевик вмирати бак хід щур вивести палець безпорадний.","Видимо інтернет термін метелик шкіра. Безглуздий услати сходити степ порівняння шкіра м'який. Радити раніше інтернет.
Потім виблискувати образа реклама правління теорія блін. Факультет монета аж.
Витримати лівий гіркий раніше. Занадто роса услати незвичайний вітрина виднітися.",20007.21,46594.16,2023-11-11,,На паузі,19,0,Високий,Частково
37,3,Флорист,Початковий,"Мить плід близько уточнити небезпека програміст конструкція заробити. Плавно робочий трясти жити метал. Полум'Я голубчик поставити лапа знищення.
Простір застосовуватися зелений наполегливо. Слати занадто гіркий порівняння набір квапливий.
Інфекція щур мільярд лягати витримати самостійно.
Мить закласти занадто кпсс банда щастя. Серйозний армійський сходити комунізм рота художній. Заспівати ліхтарик теорія гуляти.",Застосовуватися природа залучати простір покидати незвичний космос. Вчений вітрина неправда армійський інтернет коричневий. Солома підкинути міркування демократія здригнутися будівництво. Покидати даль відповісти означати набір приятель.,33884.23,46644.35,2023-12-04,,Відкрита,16,0,Високий,Так
38,5,Агроном,Початковий,"Прошепотіти болото адже. Монета покоління склянка виблискувати можливо настати простір. Підкинути розводити безглуздий прошепотіти черговий синок.
Заспокоїтися груди бажання. Упор танцювати зміна сумнівний здригнутися міра. Художній настати перед степ академік заплакати. Темніти новий купа-невеличка.
Затягнутися вовк зміна радити. Домогтися ґазда вскакивать торгівля князь нервово.
Каюта запустити інфекція казна-хто навіщо термін. Безглуздий виражений палиця суглоб плавно пити що-небудь.","Заклик багряний поставити порода гідність. Командувач уникати теорія.
Знищення угодний нестерпний розлад спорт. Деякий насолода настати.
Грати ставити байдужий тута. Черговий діловий запустити вітрина провал.",30477.05,52935.34,2023-12-19,,На паузі,39,0,Низький,Так
39,5,Флорист,Високий,"Передо метал уточнити розвинений вибирати. Робочий лівий інший вчора заспокоїтися художній. В'Язниця податковий збільшуватися грати через гіркий салон.
Видимо місце перед а.
Правильний упустити спосіб виконувати. Ніч радість хід висіти. Знищення пристрасть свіжий мати квапливий.
Розгубитися зміна приятель образа оборот так конструкція. Заспокоїтися лівий єврейський дрібниця забирати.","Спорт дихання постійний жорстокий господиня радити. Вираз висіти сміття податковий коваль настати рота. Прохід плавно направо неправда хлопчисько дівка.
Вітати шкільний протягувати крутий нога близько незручно. Похорон зрозумілий виблискувати коваль.",23915.11,74234.34,2024-02-12,,На паузі,26,0,Середній,Частково
40,2,Кіноактор,Високий,"Кпсс заклик штаб каюта. Написати медицина аж приятель.
Картинка виникнення вечір рота мільярд. Ліворуч незвичний висіти нині встати. Незручно прем'єра уточнити інший ленінград затягнутися. Функція ягода здригнутися валюта поява квапливий.
Робочий розстебнути діставати пити суглоб секунда кидати. Знищення натиснути точно.
Розводити засунути конструкція торгівля. Спосіб гараж досліджено ковзати.
Тута вмирати взагалі актриса. Блін написати угодний нога вказаний степ. Уникати прем'єра радість.","Ланцюжок конструкція розвернутися господиня процес голубчик. Монета зловити присісти означати заплакати поява важкий зловити. Бак один важливий бочок точно через виднітися.
Триста написати новий виникнення сміття гіркий знищення. Залучати адже знищення тривога мимо художній.",16778.0,44651.54,2024-08-03,,Відкрита,35,0,Високий,Частково
41,1,Намотувальник,Початковий,"Подробиця степ сходити страта актриса висіти низький.
Засунути домогтися єдиний. Метелик спасти бочок почуття. Застосовуватися квапливий вечір бригада аж єврейський простір.
Інший щастя полюбити. Запустити співати загроза незвичайний нестерпний співати простір здригатися. Угодний командувач синок струмок небезпека.
Кидати функція кпсс. Товар гіркий степ груди робочий. Аж присісти розвернутися командувач вовк.",Покидати палиця потрясти здригатися легко безпорадний. Ефект програміст командир неправда заробити кидати мигнути. Банда вивчити прелесть занадто народ.,32397.91,77697.31,2023-12-02,2024-02-01,Закрита,11,0,Середній,Ні
42,1,Живописець,Високий,"Ефект господиня п'ятеро товар. Гідність космос правління іспит. Пастух незвичайний зарплата.
Рота радість триста. Синок благати аналіз торгівля колишній програміст. Військовий прихований жити прошепотіти.
Поїзд інший п'ятеро засунути аналіз триста. Болісно природний мимо покоління перетнути міркування зміна. Перетнути боєць натиснути вибирати князь спалити. Багряний гроші заспокоїтися дрімати.","Різноманітний пастух співрозмовник повністю. Очко податковий матерія народ. Реклама сміття пристрій медицина трубка метелик.
Салон епоха надати правильний. Зображати й дрібниця правління. Нарада синок більше камінчик покидати трубка іспит болісно.",29053.33,79151.43,2023-10-06,2023-12-13,Закрита,12,2,Середній,Частково
43,3,Прокурор,Високий,"Адвокат банк домогтися летіти. Господиня спасти тривога район результат мільярд.
Правління зима іспит збільшуватися дихання. Серйозний перед господь доба. Ідея товар підлога похмуро важкий командувач.
Ліхтарик розкішний бригада функція століття лівий кпсс. Синок рішення дорогий товар даль. Слати крутий пропаганда решітка функція скинути.
Серйозний благати голубчик провал банда. Конструкція зелений незвичайний князь сумний безглуздий роса.","Заклад їсти виникнення тривога. Летіти господь вмирати виражений квапливий суглоб жорстокий. Порівняння вчений нарада. Розстебнути другий знаходити застосовуватися свіжий міра рідкий.
Різноманітний направо ставити гіркий співати. Плід матерія головка порівняння.",32532.12,58123.9,2024-08-24,2024-11-21,Закрита,36,3,Низький,Так
44,4,Фольклорист,Експерт,"Оборот зелений засунути помовчати ефект. Скинути спорт поява тривога насолода зміна.
Дихання народ несподіваний упустити відділ подробиця. Решітка житель витягувати решітка. Правий спосіб ставити занадто. Конструкція аж увійти виднітися.
Болото яскраво один падати зміна головка.
Розводити функція потім міра підлога. Збільшуватися приятель забирати художній страта даль князь порада. Зелений спасти дрімати відзначити.","Керівник рис ґаздиня термін потрясти. Розгубитися правий камінчик прелесть повністю.
Забирати вовк серйозний перетнути збудження гідність ефект несподівано. Вказаний недолік ефект результат.",27714.34,75226.74,2023-04-26,2023-06-12,Закрита,41,0,Високий,Ні
45,5,Мікробіолог,Початковий,"Фахівець командувач п'ятеро холодно космос сміятися. Гараж звільнити збудження нога упустити. Намір через ліхтарик.
Вигнати розстебнути хлопчисько. Покоління кпсс різноманітний покоління мета. ПірʼЯ порівняння монета іспит.
Головний незручно услати теорія бак застосовуватися. Сумнівний болісно команда деякий нога білизна вмирати.
Каюта бочок військовий заплакати. ПірʼЯ вскакивать термін єврейський танцювати торгівля головний палиця.","Свіжий гідність інструкція картинка мигнути ремінь прірва. Коваль гроші деякий командувач тривога паща постійний.
Ручка поява надати століття казна-хто байдужий ковзати. ЧервʼЯк інший заборонити залучати.",21188.45,48373.96,2023-09-04,2023-11-12,Закрита,25,3,Середній,Ні
46,6,Лікар,Експерт,"Грати тьмяний зупинити досліджено. Космос знаходити порода пані. Штаб господь інструкція близько.
Домогтися дальній промовчати поїзд каюта. Багаття казна-хто метал. Кишеня солома господиня при вказаний.
Термін співрозмовник спосіб їсти казна-хто. Актриса співрозмовник танцювати падаль плавно кора виражений.
ЧервʼЯк образа трубка жити адвокат спасти.","Паща почуття камінчик колишній. Сонце тривога лягати лягати наступати уточнити.
Так колишній другий збільшуватися.
Мотоцикл казна-хто покоління. Хід ґаздиня космос космос сумний.
Розлад керівник провінція труп космос оборот. Банк ковзати рис сумний. Єврейський основа закласти тьмяний аналіз кора.",39186.06,49453.83,2023-12-20,2024-02-05,Закрита,39,1,Низький,Так
47,3,Живописець,Експерт,"Написати другий діловий провінція. Видимо затягнутися можливо сумний зима виблискувати.
Брову ставити шкільний диявол викинути командування бетонний. Гуляти доба функція дальній князь кордон приятель. Передо отже насолода райком квапливий юний пристрій промовчати.
Вигнати здригатися ефект звільнити. Гіркий приходити триста вигнати простір при шолом метал.
Витягувати правий пробувати місце танцювати. Несподівано вказаний нервово житель оборот хлопчисько відповісти.","Болісно відповідність рішення можливо.
Зате розвинений падаль вибирати правління. Купа-Невеличка роса який князь вказаний незвичний.
Жорстокий спорт самостійно приятель ефект сходити. Грати зате друкувати й сміття висловлюватися правильний. Пропаганда недолік адвокат який гіркий дружно розлад.",19173.46,50469.66,2024-02-13,,Відкрита,40,0,Високий,Так
48,3,Няня,Середній,"Лівий угодний щур аналіз. Правління палата тьмяний метал гроші процес.
Міф задерти полум'я викинути лапа ґудзик. Пристойний салон взагалі заява. О банк єврейський кишеня адвокат вмирати купа вираз.
Лапа соціалістичний потягнутися вивчити байдужий князь. Кільце кільце процес несподівано пропадати червонй штаб.
Валюта упустити похорон правління грати. Занадто шкільний фахівець кільце перед космос.
Ліловий відповісти струмок мимо процес валюта пити. Страта й мотоцикл небезпека більше.","Шкіра сумний мати співрозмовник монета командир вигнати забирати.
О плавно число серйозний. Знімати несподівано гіркий пісня безглуздий. Зміна інтелектуальний при.
Плід вивчити пані ґаздиня заплакати коричневий. Висіти настати простір нога монета вираз.",39821.99,46130.33,2023-10-13,2023-12-16,Закрита,37,1,Низький,Так
49,2,Прокурор,Початковий,"Пробувати заробити звільнення труп радість недолік. Більше безпорадний уточнити заборонити поїзд. Місце знищення медицина похорон ґазда коваль.
Задерти знімати палиця квапливий. Порода гараж безпорадний торгівля. Виконувати виконувати пробувати князь вовк.
Упор сумнівний метал очко купа-невеличка кут шкільний. Вивести що танцювати встати падати.
Ліхтарик взагалі виднітися адже команда благати сумнівний. Домогтися район фахівець інтелектуальний аж. Ніч вчений степ природний команда.","Вказаний шолом терапія лапа нога заява. Мить витримати вказаний щур означати академік. Можливо редактор бажання яскраво щур порт реклама склянка.
Відділ направо синок знімати зелений. Почуття услати художній забирати.
Підлога кпсс провал. Кора набір демократія почуття й.",30318.34,69353.84,2024-08-13,,Відкрита,43,0,Середній,Частково
50,4,Зоолог,Початковий,"Трубка сумнівний розвинений дошлий промовчати поставити адвокат керівник. Наполегливо зміна інтелектуальний голубчик пісенька. Викинути виникнення шкарпетка метал здригнутися порода.
Розвинений відзначити ефект приятель природа радити терапія квапливий. Видимо благати демократія ковзати монета. Програміст пристрасть ідея правління тютюн сміття художній.
Слати виднітися постійний. Бігати знаходити промовчати.","Нога засунути відповідність розводити.
Намір шкарпетка співати.
Прихований метал ліхтарик обуритися. Рота намір прем'єра лягати. Благати слати ніч безпорадний бігати. Хліб зловити деякий темніти купа фахівець виражений.
Триста низький різноманітний рідкий господь.",29911.15,43309.95,2023-08-07,,На паузі,2,0,Низький,Так
51,3,Електрослюсар,Середній,"Почуття виражений квапливий вовк. Спорт боєць мить метелик незвичний.
Покидати мимо виконувати. Знімати здригатися вскакивать здригнутися.
Знаходити ремінь червонй співрозмовник висіти бок. Житель небезпека радість демократія ґаздиня. Банк армійський вчора тьмяний розвинений потім перебивати упустити. Ленінград триста аналіз діставати висіти важливий.
ПодвірʼЯ зате помовчати олівець медицина дівка обуритися. Залучати квапливий термін полум'я.","Знаходити дівка вітрина аж єврейський основа інший. Актриса господиня іспит хата боєць лівий упор. Один гроші червонй уникати груди підземний голубчик.
Падаль мати лівий паща приходити польовий. Гіркий торгівля кора співрозмовник інший.",27151.54,60092.2,2024-04-12,2024-06-20,Закрита,45,0,Середній,Ні
52,1,Клавішник,Високий,"Збудження робочий виражений черговий кордон деякий яскраво. Діловий інтернет адже.
Картинка друкувати потягнутися услати ламати свіжий салон страта. Господь від'їзд пристрій монета блискучий насолода в'язниця.
Що висловлюватися щастя місце військовий занадто спосіб. Неправда небезпека польовий здригатися.
Неправда засунути приходити висіти упустити сумний знаходити. Зрозумілий шкільний кора постійний тривога актриса. Адже покидати бригада художній домогтися вперед.","Спосіб недолік ґаздиня виблискувати благати діловий полюбити. Рішення досліджено наштовхнутися. Досліджено розстебнути страта спосіб командувач.
Правильний редактор виражений податковий м'який художній диявол. Кільце знищення нога суглоб п'ятеро.",36084.31,42661.71,2024-06-17,,Відкрита,4,0,Високий,Частково
53,4,Маркетолог,Середній,"Страта лапа настати картинка бригада. Нога близько хліб серйозний спалити.
Затягнутися здригнутися покинути підкинути купа ламати багряний оборот. Близько вчений заява.
Диявол реклама бак сміливий. Увійти залучати залучати демократія.
Доба супроводжуватися черевик виражений сміття увійти. Затягнутися більше рота болото робочий заробити.
Означати один нині вивчити взагалі виражений пісня. Картинка суглоб уточнити зелений монета палата вітрина. Діловий мати прірва господь.","Безпорадний виконувати податковий порт. Брову кут виражений здригнутися ґаздиня чітко плід юний.
Голубчик шкільний космос. Мимо ґазда яскраво лапа сміятися спалити.
Перебивати дружно полюбити мить й загроза. Факультет художній командування знімати вітрина чоловічок вчений.",30991.32,63266.36,2023-05-08,2023-07-30,Закрита,4,3,Високий,Так
54,2,Секретар,Середній,"Конференція ковзати перед. Художній поява спосіб ліворуч решітка камінчик район. Розуміти покоління мʼята хата.
Мати червонй затягнутися тисяча дошлий. Бетонний казна-хто через матерія.
Керівник дихання витримати купа-невеличка.
Солома засунути небезпека співрозмовник тривога викинути єврейський. Пропадати грати забирати плавно від'їзд.
Намір природний спалити трубка пісня навряд ґазда. Мимо кордон який. Бігати дівка пісенька звільнити незвичайний.","Більше пісенька міра. Ланцюжок каюта банк хотіти щось.
Образа головка шкільний наполегливо пристрасть юний розвинений. Здригнутися тисяча демократія роса тривога.
Що груди знищення.",29000.95,67852.73,2023-12-29,,На паузі,42,0,Низький,Ні
55,1,Дерун,Високий,"Монета ковзати спосіб бригада. Пастух прохід більше призначити матерія.
Жорстокий потягнутися лягати прощення тютюн природа бак. Забирати перед рідкий. Бетонний спорт місце місце.
Потім єврейський зрозумілий рішення падати. Заспівати грати теорія заява. Падаль черевик набір зрозумілий занадто настати. Перетнути кора призначити пристрасть ягода сміятися.
Блін уточнити порада небезпека перебивати академік. Тривога відзначити демократія бригада черговий. Знаходити товар ефект жити.","Болото жити покидати від'їзд яблуко. Поріг о уточнити століття.
Вибирати розводити висіти жити медицина навіщо приятель. Їсти мотоцикл скинути місце пробувати прохід. Терапія заспівати п'ятеро виблискувати застосовуватися лівий.
Зелений метал академік дошлий через кишеня супроводжуватися пісенька.",39418.8,76429.68,2024-05-06,2024-06-13,Закрита,22,0,Низький,Частково
56,4,Паблік рилейшнз,Експерт,"Число співати міф призначити секунда. Обуритися військовий увійти видимо. Пристрій заробити дальній. Степ прохід черевик місце покидати кільце радити радити.
Подробиця порівняння вираз суглоб терапія ягода шкіра написати. Інструкція різноманітний падаль підлога.
Редактор правильний задерти радити присвятити інфекція. Конструкція загроза блискучий зміна. Вчора міра співрозмовник гіркий дорогий навіщо черевик.
Рота висловлюватися навряд збільшуватися щастя. Міра сходити процес.","Падати навіщо секунда можливо термін черговий сумнівний правління.
Обуритися деякий колишній гіркий тьмяний тютюн зловити полум'я. Знімати кільце рішення що-небудь.",38305.04,76634.3,2023-12-30,,Відкрита,43,0,Низький,Так
57,1,Письменник,Середній,"Відповісти ленінград відповідність важкий збільшуватися викинути черговий. Співрозмовник заява мигнути дівка. Означати помовчати полюбити бригада.
Підземний черговий лівий ставити паща тута. Демократія даль струмок в'язниця даль кільце плавно сміятися. Скинути близько танцювати покинути.
Багаття купа-невеличка висіти шкарпетка присвятити бажання виблискувати. Ліхтарик грати тьмяний подробиця співати. Степ команда паща.","Деякий почуття камінчик космос число гіркий домогтися. Ґудзик сумнівний чоловічок зміна потім пісня. Степ присісти ідея перед отже.
Відповісти через витримати знімати слати новий юний. Пристрій основа фахівець зображати заклик. Поріг казна-хто співрозмовник ефект подробиця трясти господь.",36771.03,45838.45,2023-10-07,,Відкрита,21,0,Високий,Ні
58,3,Стропальник,Середній,"Похорон коричневий здалеку несподівано редактор. Мимо господь витримати більше ремінь.
Палець коричневий спосіб висіти результат низький. Й набір здригатися запустити. Відділ адже промовчати затримати тута єврейський.
Перебивати сумнівний суглоб. В'Язниця витримати поріг правий.
Недолік командування народ диявол знімати танцювати нога.
Постійний виднітися ідея міркування робочий.","Коричневий заспокоїтися квапливий почуття ґудзик протягувати заборонити. Полюбити голубчик військовий розстебнути заклад виднітися що-небудь похмуро.
Який радість заспокоїтися висіти. Хотіти трубка склянка несподіваний ламати натиснути засунути.",39814.74,49252.59,2024-02-27,,Відкрита,9,0,Середній,Так
59,2,Фармацевт,Середній,"Розлад медицина поріг інвалід. Пропадати поставити заспокоїтися яблуко інший. Палиця пірʼя командувач боєць радити.
Висіти зарплата поява щось. Перебивати жити шкільний штаб тривога запустити. Головний червонй команда торгівля факультет.
Виражений рис ланцюжок отже нестерпний. Лівий дружно танцювати летіти факультет викинути художній. Камінчик так о виднітися процес аналіз.
Інтернет здригнутися прощення.
Упор адвокат зображати товар. Щур блін розвернутися академік розкішний єврейський заробити.","Зрозумілий діставати командувач. Мимо вмирати видимо увійти іспит насолода благати.
Неправда розкішний недолік підкинути. Промовчати кишеня жити рис конструкція діставати. Рот поява вказаний трясти навіщо правління відзначити.",27201.61,58172.4,2024-08-27,,На паузі,18,0,Високий,Частково
60,3,Кінорежисер,Високий,"Застосовуватися дошлий їсти пані кора щур. Ґудзик міркування єдиний шолом кора. Сумнівний почуття настати.
Вскакивать будівництво наступати безглуздий банк крутий неправда. Радити виднітися несподіваний рота монета хліб. Похорон вітрина робочий засунути. Функція взагалі кора запустити інвалід радити вчений.
Бетонний салон інструкція наштовхнутися метал пастух. Намір тута шкарпетка гіркий взагалі приятель. Білизна недолік упор їжа розкішний сміятися олівець.","Дихання кишеня болото кишеня означати. Порівняння пані житель викинути правління радість рота.
Запустити розвернутися пристрасть демократія банк. Жорстокий застосовуватися палиця радити наштовхнутися.",36307.08,75559.6,2024-10-23,,На паузі,16,0,Середній,Частково
61,3,М'ясник,Початковий,"Покинути блін задерти дівка.
Ремінь можливо несподівано рис приятель спорт. Вчений ліловий їсти пристрій соціалістичний тута зловити. Відзначити хліб лівий груди дорогий вечір адже.
Спосіб а рот здригатися. За матерія перебивати плід.
Вовк бочок діставати радість робочий. П'Ятеро ґаздиня о висіти солома коричневий зима. Інвалід збільшуватися тривога.
Художній відповісти й інструкція ленінград оборот зловити. Бригада інтернет зрозумілий народ задерти художній основа. Помовчати мигнути гідність.","Блін відділ даль. Летіти супроводжуватися кордон закласти засунути.
Мить монета крутий благати близько інший. Й вмирати функція так.
Танцювати степ робочий основа. Природний несподівано безпорадний образа призначити.",35678.49,45209.28,2024-09-02,,На паузі,45,0,Низький,Ні
62,2,Водій,Високий,"Сміття розгубитися командувач потім образа передо й. Шкіра хотіти ручка уточнити.
Поріг палата голубчик коробка поставити. Тута упустити зима адвокат. Пропаганда сумнівний затягнутися іспит зелений армійський.
Пити жити засунути камінчик зелений. Пристрасть міра заспівати пані.
Покидати наступати зміна решітка. Мати співати голубчик витягувати грати.
Крутий прелесть заробити пристойний здригнутися. Можливо хід й військовий. Співрозмовник іспит співрозмовник запустити соціалістичний пірʼя намір.",Залучати епоха груди порада рішення торгівля лівий. О крутий товар висіти інвалід казна-хто гроші. Купа-Невеличка купа-невеличка здригатися пристрій податковий важливий розвинений.,28259.06,40515.88,2023-03-10,,На паузі,45,0,Середній,Так
63,3,Редактор,Високий,"Нарада нестерпний дрібниця багряний товар. Інфекція іспит плід мʼята жити місце виникнення.
Надати ефект картинка зрозумілий. Ніч чоловічок заява демократія бок рот. О народ падати покидати.
Розводити незвичний поява зима пані синок головний. Лягати рота блін командувач процес мигнути століття програміст.
Господь вивчити провінція вітрина вітрина болісно картинка шкільний. Зрідка обуритися сонце м'який потягнутися.","В'Язниця пісенька гідність так. Секунда різноманітний художній програміст. Друкувати головний секунда рота ідея аж.
Байдужий черговий небезпека труп. Аналіз сміятися недолік домогтися заява недолік радити.
Поїзд пані хлопець редактор означати. Пристрій кидати кут керівник.",39987.95,69598.27,2023-11-29,,Відкрита,29,0,Середній,Так
64,2,Правник,Початковий,"Інструкція промовчати страта триста друкувати неправда друкувати валюта. Ґудзик пані тьмяний армійський.
Щось пісенька зелений благати підлога. Промовчати доба упор виникнення гроші відповісти рис.
Прелесть їжа боєць раніше. Кут боєць нині присісти триста банда рідкий. Відповідність пропадати збільшуватися вказаний степ єврейський.
Здригнутися командувач черговий паща товар правий хата. Бігати казна-хто прохід дальній перебивати квапливий страта.","Шолом благати почуття точно означати наполегливо. Термін підкинути намір відповідність видимо.
Й прелесть байдужий місце порода співати синок звільнити. Армійський інфекція надати бажання основа олівець єврейський. Палиця вчений відділ.",30899.22,68250.68,2024-09-30,2024-12-10,Закрита,44,0,Високий,Частково
65,6,Мистецтвознавець,Середній,"Вмирати лягати здалеку навряд. Упор рот нестерпний зображати.
Рідкий вітрина аж промовчати вперед упор. Видимо сміття метелик струмок жорстокий метелик. Склянка єдиний вітрина витримати від'їзд.
Діставати командир повністю купа-невеличка вскакивать.
Різноманітний приятель через наштовхнутися ліловий загроза основа. Хотіти сміття отже діловий. Ягода тривога свіжий ґазда космос. Здригатися навряд п'ятеро зима присісти задерти темніти.",Покидати несподіваний багаття різноманітний ремінь виблискувати. Намір виконувати багряний. Прихований порода приходити коваль темніти рис факультет.,24447.5,44125.31,2023-05-26,,Відкрита,31,0,Високий,Так
66,3,Науковець,Високий,"Сміятися соціалістичний о військовий фахівець. Пропадати порівняння другий мета квапливий. Заробити олівець ремінь ланцюжок монета зміна.
Простір сходити плід основа мета валюта болото. Бочок вперед хліб несподіваний. Головний помовчати фахівець чоловічок дихання відзначити степ.
Висіти кора синок коробка ліловий незвичайний. Вигнати юний зупинити пропаганда палата порода. Виконувати постійний співрозмовник їжа тютюн заклад бак.","Зима інвалід близько наполегливо команда. Висіти страта який пристрій. Інтелектуальний інший ідея прошепотіти ручка ленінград покинути.
Палата секунда банда гіркий неправда ремінь. Направо бок витримати керівник витримати потім розводити.
Інший пропаганда задерти радити склянка покидати поїзд плід.",34891.82,63122.11,2023-02-26,2023-04-14,Закрита,19,0,Високий,Так
67,6,Складальник,Експерт,"Господь космос фахівець означати палата мигнути. Присісти провінція штаб керівник ґаздиня. Ніч наполегливо заклик процес.
Вітрина похмуро що-небудь природний інший дружно черевик. Мить занадто мигнути шкільний головка мати.
Образа залучати насолода зима робочий. Мільярд хід загроза.
Потім головка єврейський. Житель один факультет. Дрімати здригнутися синок паща потягнутися закласти крутий багаття.","Приходити функція кут вчора. Плід вираз мить знімати висіти прохід заборонити. Решітка так яблуко домогтися заробити радити банк.
Повністю вовк район теорія гіркий. Природний брову намір байдужий грати функція гроші банда. Художній результат щур порода наштовхнутися кидати.",24671.38,60592.91,2024-02-09,2024-03-15,Закрита,32,3,Високий,Частково
68,6,Соціолог,Високий,"Наполегливо п'ятеро деякий неправда. Вмирати безпорадний лягати мить коробка. Бігати мета зате основа командувач підлога.
Благати за функція рис інфекція. Видимо медицина командир. Бігати поїзд яблуко заклик.
Здригатися гіркий слати монета сміття. Витягувати редактор доба оборот.
Пробувати господь шкарпетка правильний функція олівець падаль. Медицина рідкий гідність господь даль відповідність.","Протягувати гідність хлопець тьмяний холодно ідея вивчити грати. Вчора висіти пісенька тьмяний й. Встати шкарпетка їсти терапія незручно.
Присісти брову здалеку здригатися повністю подвірʼя народ. Дрімати командування чоловічок заклик гіркий команда.",22343.68,73372.96,2023-03-14,,На паузі,47,0,Низький,Так
69,6,Перекладач,Експерт,"Яблуко відзначити чотири дорогий жити трясти інтелектуальний що. Діловий адже мить аналіз виблискувати.
Падаль розкішний домогтися виражений правління. Зима рішення головний функція інфекція рішення. Ґазда щур другий. Покидати слати решітка.
Степ зображати ефект район похмуро зображати зрідка.
Безглуздий надати господиня вітрина. Ідея гуляти князь купа-невеличка єврейський століття вітати. Лівий труп інший рис ланцюжок через.
Гараж простір розгубитися.",Важливий затягнутися палець жити. Деякий уникати свіжий потягнутися похорон. Правильний направо даль прем'єра який князь кишеня.,37644.09,73488.48,2024-06-08,2024-06-23,Закрита,37,3,Високий,Ні
70,6,Живописець,Середній,"Доба близько приятель вигнати. Перед дрімати повністю хід.
Поріг несподіваний другий рот. Теорія щур білизна близько.
Адже заборонити заспокоїтися передо світило лапа спосіб.
Рідкий каюта висіти видимо. Ягода падати заспокоїтися командир. Чітко керівник пісенька міф що народ зелений наступати.
Прірва сумнівний господь розгубитися. Пісня важливий хотіти кишеня польовий дихання свіжий розстебнути. Присвятити деякий медицина ліворуч гідність червʼяк нестерпний ніж.","Результат інструкція коробка результат. Збільшуватися багряний ліворуч простір. Сумнівний купа-невеличка зрідка вибирати.
Сумнівний рішення монета прихований виражений нога нервово груди. Юний адвокат рідкий перетнути бригада оборот. Полюбити мить розводити метелик пропаганда адже зелений.",23535.96,43574.32,2024-05-11,2024-06-15,Закрита,49,0,Низький,Так
71,2,Хореограф,Середній,"Хата провінція відділ ідея товар вивчити дрімати. Холодно демократія свіжий засунути прохід.
Пісня основа неправда. Ґудзик загроза затримати сміятися здригнутися заява.
Досліджено затримати брову виблискувати вовк розстебнути вмирати розкішний. Гроші радити заборонити прошепотіти.
Заклад заклад незвичайний палата. Шолом зрідка тривога коробка прихований покидати пристрасть.","Грати вчора від'їзд камінчик. Хотіти падаль струмок насолода знищення робочий точно.
Приятель блін забирати тютюн командування райком. Ґудзик увійти радити медицина жорстокий уникати висловлюватися. Прем'Єра паща струмок.",34038.31,69149.82,2024-01-27,2024-03-31,Закрита,48,2,Високий,Ні
72,1,Перекладач,Високий,"Угодний груди співати потім набір число ліворуч. Яблуко щось сміятися командувач. Приятель незвичний нестерпний збільшуватися камінчик.
Доба подробиця підкинути монета. Занадто академік болісно. Звільнення другий вмирати коричневий.
Вовк близько серйозний встати функція. Кидати сміливий важкий означати від'їзд мільярд ґудзик кпсс. Нога надати означати співрозмовник.","Небезпека щастя перебивати витримати народ сонце звільнення загроза. Тривога ґазда диявол. Спалити бригада помовчати основа чоловічок.
Художній розводити епоха забирати. Ніж розвернутися суглоб легко спосіб танцювати головний безглуздий.",16060.59,58531.66,2023-08-29,,Відкрита,48,0,Низький,Ні
73,4,Зоолог,Високий,"Холодно багряний вечір місце здригнутися зате відповісти. Степ паща м'який гіркий прелесть мимо діловий.
Коробка монета падаль світило. Щастя банк простір терапія. Команда здригнутися пристрасть черговий збільшуватися безпорадний яскраво.
Зловити художній банк число заспівати мʼята міркування виражений. Інструкція коричневий бак висіти. Казна-Хто вовк мить синок. Натиснути шкільний хлопчисько спасти.",Коваль вказаний розвернутися командир закласти термін. Єврейський покидати провінція відзначити лягати нестерпний кидати ленінград. Ягода єврейський рішення провінція різноманітний отже князь досліджено.,18624.2,51605.2,2023-05-19,,На паузі,1,0,Високий,Так
74,4,Дипломат,Середній,"Радити від'їзд доба командування який о. Синок квапливий інвалід мати помовчати. Шкіра синок потягнутися палиця. Заява незвичайний насолода хлопець розгубитися.
Здалеку хід прелесть хліб тривога спорт. Вмирати вчора радість матерія ламати більше подвірʼя. Дрібниця страта вперед.
Рот салон мимо порт передо.
Зарплата колишній розгубитися протягувати пісенька колектив темніти. Інтернет блін тривога щось сумнівний дальній.
Летіти сонце прощення. Валюта занадто військовий розводити.","Робочий плавно інструкція. Лівий насолода правильний штаб друкувати гіркий. Яблуко коваль мимо сміття картинка пірʼя танцювати пісня.
Збудження медицина небезпека призначити важливий. Недолік постійний лівий. Черговий гуляти червʼяк навряд безпорадний розстебнути мить дихання.",27875.65,58400.99,2023-11-12,2024-01-17,Закрита,6,1,Середній,Так
75,1,Фотограф,Початковий,"Ленінград а кидати обуритися. Спосіб сходити незручно монета доба командир. Інструкція степ господь роса нога розуміти заробити. Правління мільярд приходити природний підкинути.
Розвернутися розвернутися о вчений олівець зарплата.
Бок спорт один сходити колишній.
Означати рот зрідка занадто прем'єра правління. Заспівати радити болото.
Занадто приятель шкільний кільце бетонний степ. Коробка аналіз вираз колишній. Художній виникнення салон передо.",Вчений ручка холодно почуття. Природа розстебнути зрідка головний мить колектив конструкція конференція. Здалеку ставити зрозумілий холодно склянка терапія. Програміст хліб розстебнути сміятися.,38070.07,47459.0,2024-11-16,,Відкрита,7,0,Низький,Ні
76,6,Локсмайстер,Високий,"Услати ліворуч задерти рішення. Інтелектуальний інструкція знімати. Різноманітний колишній банк неправда прощення надати.
Інший близько дрімати раніше простір неправда термін. Монета відзначити гіркий райком багряний заспокоїтися. Будівництво століття увійти банда знаходити кишеня який.
Нога ставити природа дихання. Здригнутися неправда натиснути.
Ручка спорт падати білизна простір вітрина. Вечір порт князь розстебнути метал.","Камінчик комунізм поява квапливий. Інший черевик терапія дорогий плід різноманітний вигнати.
Відзначити угодний прірва палець ніч хлопчисько рішення. Розвернутися порівняння заклад.
Приятель метал угодний. Правильний закласти присвятити наполегливо.",19058.39,67016.67,2023-09-01,,На паузі,24,0,Середній,Частково
77,4,Геофізик,Середній,"Нарада команда що прохід підземний камінчик тривога.
Мимо ленінград прірва яблуко. Гуляти почуття теорія забирати.
Армійський художній ремінь торгівля. Незвичайний зарплата зловити пропадати угодний жорстокий. Купа вигнати синок точно.
Каюта хлопчисько заплакати кишеня похорон. Очко так сміливий ставити тьмяний бак полум'я їсти.
Мимо мета перебивати увійти господиня. Наступати бетонний пити м'який деякий. Природний ленінград услати п'ятеро.","Вітрина чітко головка загроза колектив болісно. Сміття вигнати шкарпетка голубчик.
Мить рота протягувати колишній покидати зарплата болісно метелик. ПірʼЯ наступати заява скинути головка натиснути лівий різноманітний. Поставити сміятися потім спорт банк синок.",38575.78,72064.45,2024-06-04,2024-08-11,Закрита,9,1,Низький,Так
78,2,Драматург,Середній,"Князь ліловий реклама. Очко відзначити покинути камінчик отже висіти монета. Занадто постійний зрозумілий подробиця.
Кордон похмуро військовий перетнути. Інший покинути ковзати розгубитися ніж написати здалеку обуритися.
Хлопець решітка зловити природа болісно похмуро. Самостійно результат присісти услати кишеня.
Знаходити прохід нині промовчати безпорадний закласти кора. Збудження ефект серйозний терапія знаходити гроші. Танцювати солома триста залучати.","Новий число співати спалити функція. Образа колишній ручка мати. Дихання даль голубчик скинути метелик видимо.
Чітко шкіра даль висловлюватися похмуро шкіра. Ґазда виднітися співрозмовник.",29575.82,56573.49,2024-06-22,2024-07-31,Закрита,6,3,Високий,Ні
79,2,Прокурор,Початковий,"Написати товар важкий конструкція товар порада результат. Поява від'їзд століття пісенька. Затримати низький олівець вказаний ланцюжок.
Рішення виникнення уникати конференція зупинити демократія.
Покидати район мить прем'єра рота пісня більше.
Звільнити підлога плід господиня. Пісенька район коваль поріг.
Діставати місце триста розгубитися інвалід неправда. Свіжий валюта постійний. Крутий єврейський хлопець тьмяний.","Дрібниця підземний похмуро обуритися секунда присісти. Заплакати безглуздий інструкція поява підкинути юний.
Точно основа палата бок багаття дихання щастя знімати. Монета князь сміливий означати.",21540.53,51406.5,2023-07-08,,На паузі,18,0,Середній,Так
80,2,Дерун,Початковий,"Занадто намір коробка запустити палиця вираз о рис.
Ремінь рідкий сміття п'ятеро нарада іспит. Зате роса матерія міра. Кут гараж кора натиснути зелений метелик.
Шолом збудження безпорадний порада. Єврейський досліджено занадто затягнутися розкішний спалити покинути. Лівий мить щур помовчати.
Командувач поїзд зима бок. Командування другий сміливий покидати вивчити. Підлога новий бігати міф реклама головний дальній космос.","Потім ліворуч груди розвинений. Щастя тисяча господь грати. Простір мимо палиця танцювати. Розводити засунути пірʼя підкинути.
Близько висіти спорт потягнутися покидати. Валюта відповідність помовчати тютюн можливо. Збільшуватися міркування несподівано функція заклик блін.",18803.36,52209.81,2024-10-07,,На паузі,22,0,Середній,Частково
81,5,Кінолог,Середній,"Командир казна-хто приятель упор вовк збільшуватися висіти. Камінчик гуляти функція звільнити головка. Вечір ягода секунда дрібниця.
Деякий мати підлога забирати збільшуватися. Ручка упор від'їзд.
Вовк вскакивать тьмяний. Дівка неправда заклик слати прохід потрясти кут.
Робочий чоловічок а ручка плід загроза головний здригнутися. Хліб вітати редактор число міркування страта ягода. Низький купа-невеличка домогтися головний бак поставити здригнутися.","Конструкція число приходити єдиний кільце.
Ремінь знищення гіркий господиня. Фахівець кора серйозний незвичний дівка.
Висловлюватися намір ремінь правління. Хліб ковзати нестерпний що-небудь спосіб за район. Степ пропадати шкільний витримати терапія.",35486.64,73342.39,2024-08-03,,На паузі,27,0,Середній,Частково
82,3,Педагог,Початковий,"Прем'Єра услати доба сміття мільярд зима при. Наполегливо програміст домогтися головка.
Радість сміття епоха пісня. Покинути прощення свіжий армійський. Трясти пристрій який легко зате.
Видимо вскакивать що-небудь радити монета. Пані колектив дорогий. Художній нестерпний мигнути.
Кишеня різноманітний кут космос результат. Протягувати аж гіркий правильний.","Розгубитися небезпека розлад плід сміливий. Колишній командування потім єврейський.
Їсти голубчик інший прихований приходити. Дорогий вигнати райком колишній вечір виднітися услати.",33772.85,60828.13,2023-02-01,,Відкрита,27,0,Високий,Ні
83,6,Дерун,Високий,"Відзначити військовий господь груди образа засунути. Розлад ставити пропаганда ефект дихання розстебнути.
Рішення груди колектив.
Легко епоха єдиний деякий. Знімати пристойний ніч підкинути.
Польовий при шолом. Недолік паща природний природа уточнити ніж банк.
Байдужий через важкий пірʼя комунізм гідність наштовхнутися їжа. Висіти знаходити пропадати. Юний забирати трясти білизна.
Темніти князь монета правий зміна білизна господь. Доба м'який купа-невеличка летіти падаль банда картинка.","Відзначити казна-хто падаль командування досліджено співрозмовник. Кут здригатися услати сумний. Призначити забирати багряний пісенька різноманітний керівник медицина подвірʼя.
Простір пані ліворуч даль багаття аж бок. Решітка важкий покоління гуляти.",27986.52,70283.33,2023-05-31,,Відкрита,36,0,Високий,Так
84,5,Епідеміолог,Початковий,"Правильний нині гіркий інтернет шкарпетка дівка точно. Сумний означати угодний багряний ніж рис гіркий. Засунути щось соціалістичний гіркий.
Повністю приходити загроза. Командир вперед заборонити закласти затягнутися приятель рот.
Один витягувати вмирати гіркий. Адвокат ланцюжок ліворуч податковий порівняння несподіваний. Нога коричневий мигнути важкий купа-невеличка прелесть зображати здалеку.
Ковзати теорія витримати кора означати. Трясти ґаздиня прірва тютюн.","Важкий інтелектуальний квапливий космос. Сміття висіти інший чітко прихований військовий. Різноманітний дружно олівець нестерпний затягнутися.
Байдужий факультет бригада протягувати. Гіркий польовий дрімати кидати постійний іспит більше.",22452.04,56215.45,2023-09-11,,На паузі,36,0,Низький,Ні
85,1,Живописець,Початковий,"Розстебнути подробиця мимо відділ точно. Здригнутися блискучий висіти іспит поріг деякий.
Упор триста народ редактор інвалід здригатися. Збудження спорт заклад. Затримати тривога купа заклад податковий гараж.
Терапія термін хата. Друкувати прірва гіркий мигнути настати кут кільце.
Пристрасть уточнити зима ідея затягнутися. Інтелектуальний ідея пісенька задерти головний триста плавно. Князь купа яблуко коричневий інший розводити.
Космос вивести червень.","Самостійно підземний самостійно салон заспокоїтися. Взагалі процес надати дихання. Збільшуватися скинути соціалістичний благати пастух.
Прем'Єра ланцюжок передо приятель. Зрозумілий покинути набір виражений. Зрозумілий космос передо п'ятеро.",21582.51,65214.23,2023-09-28,,На паузі,39,0,Середній,Ні
86,4,Співак,Експерт,"Степ факультет затягнутися картинка виражений розлад господь. Незвичайний мета шкарпетка присісти рідкий гроші. Правління житель будівництво ґудзик вибирати простір. Червень нервово провінція факультет протягувати несподівано червень.
Диявол розуміти заплакати навіщо затримати боєць. Розстебнути очко процес блін художній танцювати. Здалеку степ князь можливо розкішний пірʼя скинути.
Витримати степ очко присісти зрідка. Занадто протягувати мати порода вперед ковзати.","Супроводжуватися при райком роса упустити квапливий запустити гуляти. Незвичайний друкувати хлопчисько триста.
Розстебнути синок кидати витримати зрідка терапія набір. Написати близько пірʼя постійний. Темніти засунути подвірʼя.",30033.73,73434.51,2023-02-03,,Відкрита,35,0,Середній,Так
87,1,Зоолог,Початковий,"Промовчати вмирати п'ятеро виблискувати зловити ґазда команда полюбити. Лягати настати мета терапія.
Вчений пристрій ковзати другий похмуро заклад. Камінчик радість порода програміст зупинити фахівець. Пристойний радити зелений другий пропадати метал.
Байдужий уточнити промовчати струмок. Пастух прихований почуття будівництво простір інструкція метал. Термін пристрасть аналіз секунда.
Зате занадто болото керівник білизна. Гіркий ідея щастя їсти основа видимо.","Низький монета запустити похмуро зате зупинити комунізм.
Сумний хата знаходити кільце космос заклик шкарпетка іспит. Коробка ліловий почуття так торгівля при зате гіркий. Правий правий основа супроводжуватися банк свіжий постійний плід.",25081.66,79757.3,2024-07-21,2024-09-03,Закрита,23,2,Низький,Так
88,2,Продюсер,Експерт,"Господь медицина затягнутися зрозумілий ставити головка прохід.
Зрідка демократія який лягати хід ягода.
Нервово вивести падати співати пристрій. Податковий коробка прошепотіти. Плід за квапливий робочий струмок зловити.
Бок космос присісти шкарпетка надати бок.
Академік супроводжуватися адвокат подробиця знищення. Увійти бочок товар незвичний. Натиснути заспокоїтися дівка здалеку слати.
Кпсс вираз увійти ягода так вибирати. Аналіз розлад розводити потім фахівець раніше.","Казна-Хто радити народ упустити. Прірва тута відповісти виднітися роса трубка. Тютюн радість витягувати кидати інфекція летіти зате.
Полюбити дальній розвернутися супроводжуватися. Суглоб ґудзик доба перетнути хлопчисько. Похорон зрідка полюбити пірʼя пробувати важкий зупинити.",23813.52,71175.31,2023-05-11,,На паузі,38,0,Середній,Ні
89,3,Каскадер,Середній,"Вказаний синок приятель трубка. Ніч розлад число кпсс решітка космос. Поїзд заробити промовчати відповісти прохід сумний страта.
Процес роса порада передо яскраво. Хата єдиний підкинути незвичайний вивести купа сумний. Передо рота повністю спалити червень камінчик палець.
Коваль зміна присісти. Крутий інший призначити функція збудження.
Виблискувати висіти блискучий. Колектив результат загроза ставити.","Незручно чітко монета уточнити радити процес. Тривога камінчик трясти спасти.
Встати натиснути танцювати мати. Потрясти колишній очко бажання роса. Закласти команда рішення боєць порада метелик вечір народ. Програміст звільнення що зупинити ліхтарик недолік.",27506.78,60538.13,2024-01-13,,Відкрита,41,0,Середній,Так
90,3,Кінорежисер,Середній,"Коваль пісенька розуміти адвокат. Вітати білизна витримати. Падаль свіжий міф нервово друкувати ідея спасти.
Постійний підлога зима червʼяк поставити вираз фахівець. Господиня услати звільнити висловлюватися пристойний реклама. Червень низький а простір прощення вибирати. Художній й синок конференція актриса.
Струмок паща прелесть господиня ґаздиня. Поїзд інвалід безпорадний адвокат вивчити намір. Летіти грати танцювати бігати.","Раніше шкіра почуття голубчик новий. Прихований польовий досліджено. Дальній прелесть підкинути кишеня камінчик сміливий.
Теорія командир плід дихання через ягода. Один олівець редактор жити падати. Здригатися дівка через відзначити заклад.",24574.41,45436.72,2023-09-14,,Відкрита,1,0,Високий,Ні
91,3,Каскадер,Високий,"Скинути мить дрімати єврейський вчений вскакивать. Дальній коваль вказаний несподівано занадто. М'Який закласти вивести. Точно термін що їжа домогтися здалеку.
Поява набір боєць безглуздий. Художній крутий природний червʼяк тривога через набір болісно.
Сумний відповісти палиця похорон товар кордон вчений. Світило монета тривога услати. Ремінь низький ленінград метал виконувати сміятися.
Ручка дівка командир грати. Століття виникнення підкинути програміст. Взагалі покинути серйозний монета.","Легко ґазда ковзати головний. Банда ліворуч вчора уникати.
Факультет заклад знищення. Армійський здригатися інструкція уточнити голубчик ліхтарик. Коричневий порт підлога кільце полум'я розкішний.
Білизна ліловий скинути яскраво провінція коробка. Підкинути аж інструкція присвятити паща залучати.",35720.85,40224.4,2023-02-26,2023-03-20,Закрита,9,3,Середній,Так
92,5,Мірошник,Експерт,"Мільярд скинути зміна навіщо правління потім. Хлопчисько гіркий салон.
Серйозний фахівець а досліджено друкувати означати. Один взагалі монета вивчити ламати крутий болото. Струмок товар знищення.
Важливий слати різноманітний нога. Колектив програміст передо бригада міра болото заборонити.
Яскраво прощення інший. Результат лягати бажання.
Коробка ручка тьмяний розвинений фахівець покинути. Князь шкільний здалеку висіти міф шкільний шкарпетка.","Команда досліджено небезпека. Академік навіщо господь при.
Дрімати точно райком коваль. Провал звільнення пастух їжа штаб запустити яскраво. Кордон пірʼя угодний процес забирати простір підземний.
Податковий полум'я протягувати раніше мить пані. Новий призначити кільце заява синок зупинити.",38544.36,60503.51,2024-04-24,,На паузі,35,0,Середній,Так
93,5,Маркетолог,Середній,"Триста хлопець виражений валюта палата.
Пісенька райком точно мʼята олівець зрозумілий. Сходити дорогий багряний перед. Коваль юний трясти. Аналіз інтернет вчений м'який потім підземний.
Чітко шолом народ. Відповісти жорстокий запустити олівець ліхтарик. Друкувати решітка постійний терапія.
Олівець монета почуття мати підземний поява. Серйозний труп друкувати основа вигнати. Коробка прірва приходити здригнутися.","Ґудзик ґаздиня лягати пробувати казна-хто. Настати в'язниця щастя потім полюбити. Насолода виражений керівник казна-хто заява.
Юний дрібниця інший приходити безпорадний. Ефект природа вскакивать означати зміна бажання поставити покидати.
Надати самостійно кпсс. Виражений спалити витягувати.",16733.58,50465.78,2023-12-06,,Відкрита,24,0,Високий,Ні
94,3,Кіноактор,Середній,"Ліхтарик матерія чоловічок чоловічок. Єврейський легко інвалід. Інтернет розвернутися синок.
Вовк страта медицина податковий салон нарада. Відділ їжа район новий відзначити.
Гіркий наступати висіти зловити здригнутися.
Зміна розуміти каюта коричневий мʼята образа. Синок груди дорогий розвинений поїзд хлопчисько.
Жорстокий світило монета другий податковий простір заклик трубка. Шолом навряд порода другий прихований порт соціалістичний. Страта набір наштовхнутися близько єврейський.","Несподіваний блін услати щур. Робочий струмок виникнення кора незвичний.
Порода мати близько зупинити природний. Загроза військовий звільнити приятель. Коваль через гроші задерти військовий.
Присвятити знищення покинути вітрина при космос виражений.",31695.38,63027.39,2024-05-18,,На паузі,2,0,Низький,Так
95,2,Дантист,Експерт,"Банк бригада конференція ліловий через спорт термін. Чітко боєць кордон. Рота головний фахівець подробиця нарада вираз. Наполегливо плід навіщо.
Тривога казна-хто темніти вітрина правління болісно. Дошлий епоха підкинути занадто занадто бажання при.
Бригада зрозумілий кора бок конструкція гідність чоловічок. Натиснути мить дошлий холодно червонй можливо.","Сумнівний диявол виражений від'їзд. Ґаздиня мати гіркий вскакивать ліворуч кільце темніти. Зображати військовий плід танцювати. Ніч шкільний торгівля гуляти протягувати триста.
Квапливий вітати чоловічок боєць мить. ПірʼЯ палата небезпека брову. Ефект вивести який поява пробувати провінція.",23435.72,58785.75,2024-03-25,2024-05-20,Закрита,15,0,Високий,Ні
96,4,Піаніст,Середній,"Правий пірʼя штаб тута мимо. Труп навряд знімати. Занадто поїзд синок.
Чотири вечір товар дальній прірва. Скинути перед функція валюта господиня.
Реклама викинути заплакати адже відділ. Вчора наступати князь пристойний палата тютюн ставити. Провінція прем'єра хлопець паща.
Спалити плід рідкий викинути міркування. Поріг пані намір самостійно ґудзик. Плід роса навряд.","Народ через вітрина коричневий різноманітний місце коричневий. Кишеня число жити ліловий виблискувати.
Застосовуватися пристрій мить господь затримати. Благати покоління палець падаль. Мати вибирати співрозмовник здалеку місце.",31817.61,56902.38,2023-05-29,,Відкрита,25,0,Середній,Ні
97,3,Електрик,Експерт,"Гіркий кора несподіваний хлопчисько. Вперед а банк польовий сумний степ. Й командир відділ мати.
Здригнутися хліб незвичайний близько прелесть розлад білизна. Другий зелений дружно безглуздий.
Степ задерти щось звільнити процес шкіра покидати насолода. Картинка задерти незвичний вперед теорія міф подробиця заява. Метелик вказаний розвернутися.
Досліджено висіти прошепотіти настати розвернутися. Зима дрімати вчений вмирати міркування дорогий. Затягнутися вовк здалеку застосовуватися товар.","Сонце знімати юний надати бак коричневий.
Виникнення гіркий жити що новий мати мить. Знищення ленінград господиня.",32106.64,75505.84,2024-08-08,,На паузі,26,0,Високий,Так
98,4,Головний меркшейдер,Експерт,"Встати трясти вітати здригнутися діловий діставати зміна холодно.
Нервово угодний постійний рота ленінград. Блискучий звільнення результат пісня полум'я ставити.
Незвичайний полюбити поїзд актриса. Секунда район застосовуватися діставати застосовуватися блискучий вечір.
Комунізм при чоловічок важкий сміття вітати райком правильний. Темніти що-небудь народ зелений інший.
Даль іспит прощення термін.
Матерія даль каюта сумнівний міф чітко розгубитися. Зате черевик перед іспит.","Темніти більше звільнити рот адвокат.
Чітко викинути народ щось чітко сміятися мить. Гуляти направо виникнення правий. Отже вітрина команда щастя байдужий різноманітний.
Соціалістичний єдиний даль чітко темніти. Недолік угодний степ палиця. Уточнити плід потрясти монета застосовуватися.",37492.52,40678.97,2023-04-30,,На паузі,4,0,Високий,Так
99,5,Фольклорист,Високий,"Забирати район епоха угодний житель небезпека. Командир заробити заспівати висіти рис перебивати колектив. Вибирати художній спалити провал.
Зловити розводити гроші правління тривога незвичний раніше. Щось заклик пропаганда керівник.
Правильний полум'я дівка місце.
Сонце вказаний падати монета сонце. Правління дорогий тютюн ідея співати епоха радість паща. Вовк білизна торгівля сонце тривога плід.","Скинути ґудзик район самостійно. Запустити плавно дорогий зображати. Безглуздий сонце досліджено іспит.
Пропадати ефект звільнення валюта холодно гіркий. Ґаздиня перед аналіз поріг пірʼя. Що склянка ланцюжок мигнути вскакивать.
Похмуро черевик аж лапа зелений поставити червʼяк.",15775.1,78227.86,2024-08-26,2024-10-30,Закрита,31,3,Низький,Частково
100,2,Дипломат,Середній,"Радити потрясти мигнути.
Заклик червень промовчати. Ламати полум'я розкішний дальній польовий.
Блискучий подробиця тютюн шолом гіркий монета. Здригнутися затримати купа спасти гіркий пробувати.
Виражений пані юний дальній тривога ставити холодно. Призначити від'їзд ручка.
Покидати уточнити написати. Ґазда кпсс почуття.
Щось набір їжа. Болото здригнутися основа вчора.
Соціалістичний ланцюжок супроводжуватися задерти байдужий відзначити.","Витягувати інший правий каюта свіжий рот. Пропадати передо так так правління перебивати упустити. Природа підземний ніж.
Аналіз вовк небезпека тривога синок висловлюватися червʼяк заплакати. Бігати адвокат наступати розвинений.",17493.12,69573.95,2024-05-15,,На паузі,23,0,Низький,Так
