sale_id,order_date,delivery_date,product_id,customer_id,employee_id,quantity,unit_price,discount,order_status,payment_terms,shipping_method
1,2023-01-13,2023-01-19,20,63,42,44,363.07,0.02,В обробці,Передоплата,Доставка
2,2024-04-01,2024-04-11,23,149,97,52,7089.0,0.03,Завершено,Післяплата,Самовивіз
3,2023-09-02,2023-09-06,69,92,180,24,6123.56,0.05,Новий,Часткова оплата,Самовивіз
4,2023-06-18,2023-06-28,81,116,81,42,1185.68,0.09,Завершено,Післяплата,Нова пошта
5,2023-10-12,2023-10-20,3,129,120,22,5787.62,0.03,В обробці,Післяплата,Самовивіз
6,2024-09-30,2024-10-01,20,6,27,58,363.07,0.06,Відвантажено,Передоплата,Доставка
7,2024-12-21,2025-01-04,90,128,180,78,3644.77,0.04,Новий,Післяплата,Самовивіз
8,2024-12-10,2024-12-24,23,136,138,75,7089.0,0.13,Завершено,Передоплата,Доставка
9,2023-11-11,2023-11-22,90,48,97,71,3644.77,0.05,Новий,Часткова оплата,Доставка
10,2024-06-28,2024-06-30,77,96,56,34,2594.07,0.09,Завершено,Передоплата,Самовивіз
11,2024-05-01,2024-05-07,65,136,32,87,5129.5,0.05,Завершено,Часткова оплата,Доставка
12,2024-03-01,2024-03-08,59,106,115,46,464.9,0.04,Завершено,Післяплата,Доставка
13,2024-06-22,2024-07-04,9,98,97,66,5099.65,0.11,Новий,Післяплата,Самовивіз
14,2023-12-02,2023-12-04,69,69,149,41,6123.56,0.13,Новий,Післяплата,Нова пошта
15,2023-06-26,2023-07-02,41,107,25,48,401.07,0.14,Відвантажено,Передоплата,Доставка
16,2023-04-07,2023-04-11,98,69,5,62,1279.42,0.03,Відвантажено,Післяплата,Самовивіз
17,2024-11-30,2024-12-08,28,61,89,51,3129.85,0.12,Новий,Передоплата,Самовивіз
18,2023-07-20,2023-07-24,17,129,149,91,6825.2,0.13,Відвантажено,Післяплата,Самовивіз
19,2023-05-25,2023-05-31,46,64,97,80,5825.75,0.02,Новий,Передоплата,Нова пошта
20,2024-02-07,2024-02-17,5,10,119,47,6141.12,0.07,В обробці,Передоплата,Доставка
21,2024-04-08,2024-04-09,34,14,97,66,6605.19,0.1,Відвантажено,Часткова оплата,Доставка
22,2024-12-02,2024-12-11,49,89,115,16,639.22,0.08,Відвантажено,Післяплата,Доставка
23,2024-06-03,2024-06-09,77,53,137,10,2594.07,0.12,Новий,Післяплата,Самовивіз
24,2024-05-06,2024-05-12,82,76,27,15,6991.9,0.06,Завершено,Часткова оплата,Самовивіз
25,2023-12-06,2023-12-13,17,109,32,26,6825.2,0.02,Новий,Передоплата,Нова пошта
26,2024-08-03,2024-08-04,34,75,37,24,6605.19,0.13,Відвантажено,Післяплата,Самовивіз
27,2024-02-23,2024-02-24,17,51,115,19,6825.2,0.11,Відвантажено,Передоплата,Нова пошта
28,2024-11-14,2024-11-18,85,102,27,96,7401.68,0.14,Новий,Післяплата,Самовивіз
29,2023-05-21,2023-06-04,85,51,97,74,7401.68,0.04,Відвантажено,Часткова оплата,Доставка
30,2024-09-28,2024-10-08,9,86,182,33,5099.65,0.14,В обробці,Часткова оплата,Доставка
31,2024-09-05,2024-09-19,69,49,137,59,6123.56,0.12,Завершено,Передоплата,Доставка
32,2024-02-01,2024-02-05,79,38,174,12,6232.36,0.13,Завершено,Передоплата,Доставка
33,2023-09-05,2023-09-18,90,88,13,54,3644.77,0.05,Новий,Післяплата,Самовивіз
34,2024-10-15,2024-10-16,13,72,41,89,1425.51,0.0,В обробці,Часткова оплата,Нова пошта
35,2024-09-26,2024-10-04,9,88,41,27,5099.65,0.01,Новий,Часткова оплата,Доставка
36,2023-01-23,2023-02-05,58,16,115,37,4377.0,0.14,Відвантажено,Часткова оплата,Доставка
37,2024-04-30,2024-05-01,18,98,26,4,5135.95,0.05,Відвантажено,Післяплата,Нова пошта
38,2023-03-24,2023-04-07,3,6,81,72,5787.62,0.03,Відвантажено,Післяплата,Доставка
39,2024-02-28,2024-03-04,28,65,13,4,3129.85,0.11,Новий,Часткова оплата,Нова пошта
40,2023-06-27,2023-07-07,17,136,182,32,6825.2,0.14,Завершено,Післяплата,Самовивіз
41,2024-08-20,2024-08-24,28,123,149,45,3129.85,0.01,Новий,Передоплата,Самовивіз
42,2024-09-14,2024-09-28,70,25,25,13,1945.31,0.01,В обробці,Передоплата,Доставка
43,2024-04-03,2024-04-04,92,5,138,21,420.84,0.06,Новий,Передоплата,Самовивіз
44,2024-12-10,2024-12-19,17,33,36,7,6825.2,0.15,Відвантажено,Передоплата,Нова пошта
45,2023-02-03,2023-02-12,6,75,191,87,3045.58,0.14,Завершено,Передоплата,Самовивіз
46,2023-01-24,2023-01-30,37,128,23,40,1896.22,0.09,Завершено,Часткова оплата,Нова пошта
47,2024-12-01,2024-12-03,5,105,119,40,6141.12,0.04,Завершено,Передоплата,Доставка
48,2024-09-11,2024-09-19,9,32,174,49,5099.65,0.08,Новий,Часткова оплата,Нова пошта
49,2024-08-28,2024-09-08,82,85,119,82,6991.9,0.14,Завершено,Передоплата,Нова пошта
50,2024-01-12,2024-01-23,61,33,138,4,6045.72,0.03,Завершено,Передоплата,Доставка
51,2024-09-21,2024-10-05,76,21,56,88,5996.98,0.1,Новий,Часткова оплата,Самовивіз
52,2023-07-06,2023-07-17,28,4,23,88,3129.85,0.14,В обробці,Часткова оплата,Нова пошта
53,2023-09-17,2023-09-25,65,49,37,11,5129.5,0.0,В обробці,Часткова оплата,Доставка
54,2023-06-15,2023-06-23,41,63,41,65,401.07,0.05,В обробці,Післяплата,Нова пошта
55,2023-07-24,2023-07-30,95,13,137,43,1319.74,0.1,Відвантажено,Післяплата,Нова пошта
56,2023-05-05,2023-05-11,5,46,168,91,6141.12,0.08,Новий,Передоплата,Нова пошта
57,2023-11-16,2023-11-25,99,3,23,13,5777.78,0.12,Завершено,Часткова оплата,Доставка
58,2023-08-01,2023-08-11,97,119,182,23,7175.9,0.15,В обробці,Часткова оплата,Доставка
59,2023-01-23,2023-02-02,34,127,26,50,6605.19,0.08,Відвантажено,Післяплата,Самовивіз
60,2024-03-06,2024-03-12,81,133,120,9,1185.68,0.04,Відвантажено,Післяплата,Самовивіз
61,2024-11-01,2024-11-14,33,65,168,18,6007.8,0.03,В обробці,Часткова оплата,Нова пошта
62,2024-10-16,2024-10-29,15,9,56,97,1888.18,0.09,В обробці,Передоплата,Нова пошта
63,2023-02-08,2023-02-15,100,114,23,87,2465.28,0.05,Відвантажено,Передоплата,Самовивіз
64,2024-03-26,2024-03-30,28,9,117,60,3129.85,0.1,Новий,Часткова оплата,Самовивіз
65,2024-02-18,2024-02-22,17,18,56,79,6825.2,0.06,Завершено,Післяплата,Нова пошта
66,2024-08-15,2024-08-26,6,147,149,39,3045.58,0.06,Відвантажено,Післяплата,Доставка
67,2023-09-17,2023-09-29,82,111,97,81,6991.9,0.13,Завершено,Передоплата,Нова пошта
68,2024-05-02,2024-05-12,61,77,56,22,6045.72,0.07,Новий,Передоплата,Доставка
69,2023-04-18,2023-04-19,40,90,5,83,4283.42,0.13,Відвантажено,Післяплата,Самовивіз
70,2023-01-28,2023-02-06,82,136,120,52,6991.9,0.14,Завершено,Часткова оплата,Нова пошта
71,2024-11-22,2024-11-30,75,14,97,46,3561.94,0.06,В обробці,Часткова оплата,Нова пошта
72,2024-12-03,2024-12-06,51,84,180,37,511.51,0.09,Завершено,Післяплата,Нова пошта
73,2024-11-10,2024-11-14,32,123,191,2,7390.74,0.14,Відвантажено,Передоплата,Доставка
74,2024-12-07,2024-12-15,54,101,137,77,1037.85,0.09,В обробці,Післяплата,Самовивіз
75,2023-12-11,2023-12-22,44,116,37,56,6731.79,0.11,Відвантажено,Післяплата,Нова пошта
76,2024-02-03,2024-02-10,85,67,56,41,7401.68,0.07,В обробці,Передоплата,Нова пошта
77,2024-05-03,2024-05-04,80,18,149,89,3828.48,0.09,В обробці,Післяплата,Нова пошта
78,2023-09-23,2023-09-26,82,13,138,8,6991.9,0.13,Завершено,Післяплата,Нова пошта
79,2023-06-13,2023-06-21,46,32,170,6,5825.75,0.09,Відвантажено,Часткова оплата,Доставка
80,2023-11-15,2023-11-17,8,111,36,53,3422.02,0.05,В обробці,Післяплата,Самовивіз
81,2024-11-21,2024-11-28,16,22,175,4,5647.09,0.14,Завершено,Передоплата,Нова пошта
82,2023-08-24,2023-08-27,23,10,119,98,7089.0,0.07,В обробці,Передоплата,Самовивіз
83,2024-12-03,2024-12-10,34,38,150,82,6605.19,0.08,Відвантажено,Післяплата,Доставка
84,2024-01-17,2024-01-27,91,106,117,83,5551.49,0.1,Завершено,Часткова оплата,Нова пошта
85,2024-12-12,2024-12-26,31,36,115,70,1091.11,0.09,Новий,Післяплата,Самовивіз
86,2023-03-31,2023-04-12,30,3,23,69,5015.8,0.04,Новий,Передоплата,Самовивіз
87,2024-06-27,2024-07-03,85,109,137,86,7401.68,0.12,В обробці,Часткова оплата,Доставка
88,2023-06-12,2023-06-25,66,6,150,88,2887.08,0.03,Завершено,Передоплата,Самовивіз
89,2023-04-05,2023-04-12,51,83,27,49,511.51,0.13,Новий,Післяплата,Нова пошта
90,2024-03-25,2024-04-02,28,104,5,20,3129.85,0.06,Відвантажено,Передоплата,Доставка
91,2023-01-12,2023-01-22,28,139,175,41,3129.85,0.05,Відвантажено,Післяплата,Доставка
92,2024-04-09,2024-04-16,52,112,36,11,3088.92,0.05,Завершено,Післяплата,Самовивіз
93,2023-11-27,2023-12-05,82,102,149,81,6991.9,0.12,Завершено,Післяплата,Нова пошта
94,2024-01-10,2024-01-18,58,24,81,75,4377.0,0.1,Відвантажено,Післяплата,Нова пошта
95,2023-10-18,2023-10-24,84,104,89,67,3643.87,0.11,В обробці,Часткова оплата,Доставка
96,2024-06-11,2024-06-13,62,36,168,56,6658.79,0.01,Відвантажено,Часткова оплата,Доставка
97,2023-01-03,2023-01-13,91,25,93,82,5551.49,0.09,В обробці,Післяплата,Доставка
98,2024-06-17,2024-06-22,91,62,5,86,5551.49,0.08,Новий,Післяплата,Доставка
99,2024-11-03,2024-11-08,13,82,5,44,1425.51,0.02,В обробці,Післяплата,Доставка
100,2024-01-29,2024-02-08,42,28,93,52,6621.64,0.09,Новий,Післяплата,Самовивіз
101,2024-11-20,2024-11-28,42,38,93,21,6621.64,0.12,Завершено,Післяплата,Доставка
102,2024-06-14,2024-06-22,13,78,182,57,1425.51,0.1,Новий,Передоплата,Доставка
103,2023-09-16,2023-09-21,56,121,5,60,5607.53,0.04,Новий,Передоплата,Нова пошта
104,2024-03-28,2024-04-11,8,52,182,14,3422.02,0.15,Відвантажено,Передоплата,Самовивіз
105,2023-07-01,2023-07-06,34,17,120,100,6605.19,0.14,Завершено,Післяплата,Самовивіз
106,2024-09-09,2024-09-15,16,130,191,74,5647.09,0.11,Завершено,Післяплата,Доставка
107,2024-05-18,2024-05-26,26,83,41,48,3967.94,0.06,Новий,Післяплата,Самовивіз
108,2024-10-30,2024-11-12,77,116,36,19,2594.07,0.15,Завершено,Післяплата,Нова пошта
109,2024-04-08,2024-04-14,79,45,150,27,6232.36,0.15,В обробці,Післяплата,Нова пошта
110,2024-01-02,2024-01-14,59,9,5,86,464.9,0.04,Завершено,Часткова оплата,Самовивіз
111,2024-06-26,2024-06-30,28,58,175,10,3129.85,0.02,В обробці,Передоплата,Доставка
112,2023-05-31,2023-06-07,8,55,81,71,3422.02,0.03,Новий,Передоплата,Доставка
113,2023-12-17,2023-12-31,42,107,27,53,6621.64,0.11,В обробці,Часткова оплата,Нова пошта
114,2023-06-08,2023-06-11,99,78,137,5,5777.78,0.03,Відвантажено,Часткова оплата,Нова пошта
115,2024-09-01,2024-09-05,11,99,81,50,5106.5,0.13,Відвантажено,Передоплата,Нова пошта
116,2024-03-05,2024-03-12,17,108,32,63,6825.2,0.02,Завершено,Передоплата,Доставка
117,2023-03-15,2023-03-23,52,30,81,95,3088.92,0.07,Новий,Часткова оплата,Нова пошта
118,2023-07-29,2023-08-12,44,33,117,76,6731.79,0.03,Новий,Післяплата,Самовивіз
119,2023-07-06,2023-07-13,59,55,120,91,464.9,0.05,Завершено,Післяплата,Доставка
120,2024-08-13,2024-08-20,96,149,26,49,4096.05,0.0,Відвантажено,Часткова оплата,Самовивіз
121,2023-12-19,2024-01-02,85,54,37,78,7401.68,0.12,В обробці,Передоплата,Доставка
122,2023-05-10,2023-05-18,44,148,41,64,6731.79,0.0,Завершено,Післяплата,Самовивіз
123,2023-12-27,2024-01-07,84,6,115,7,3643.87,0.03,Завершено,Післяплата,Нова пошта
124,2023-09-05,2023-09-17,24,71,119,26,211.24,0.02,Завершено,Часткова оплата,Доставка
125,2024-03-15,2024-03-17,11,68,93,86,5106.5,0.01,Новий,Передоплата,Нова пошта
126,2024-12-09,2024-12-12,79,8,138,18,6232.36,0.14,В обробці,Передоплата,Нова пошта
127,2023-03-02,2023-03-12,6,146,175,49,3045.58,0.08,Новий,Часткова оплата,Самовивіз
128,2024-04-12,2024-04-22,98,4,117,96,1279.42,0.13,Завершено,Передоплата,Доставка
129,2024-11-16,2024-11-29,91,109,149,100,5551.49,0.04,Відвантажено,Передоплата,Нова пошта
130,2024-02-07,2024-02-18,71,8,163,37,1747.23,0.1,Новий,Передоплата,Нова пошта
131,2023-12-18,2023-12-30,36,139,25,90,2442.55,0.14,Відвантажено,Передоплата,Нова пошта
132,2023-11-06,2023-11-12,17,139,175,97,6825.2,0.07,Відвантажено,Післяплата,Нова пошта
133,2023-12-08,2023-12-20,42,48,36,37,6621.64,0.12,Відвантажено,Передоплата,Нова пошта
134,2023-09-19,2023-10-01,81,126,168,2,1185.68,0.12,Завершено,Післяплата,Доставка
135,2024-06-27,2024-07-09,54,8,149,98,1037.85,0.13,Завершено,Передоплата,Доставка
136,2023-06-17,2023-07-01,65,57,93,99,5129.5,0.02,Відвантажено,Післяплата,Самовивіз
137,2024-06-29,2024-07-09,30,36,89,78,5015.8,0.09,В обробці,Передоплата,Доставка
138,2023-01-22,2023-01-24,77,28,163,17,2594.07,0.09,Новий,Передоплата,Доставка
139,2023-04-27,2023-05-06,31,27,149,45,1091.11,0.06,Новий,Передоплата,Нова пошта
140,2024-03-23,2024-03-25,86,106,119,67,4727.55,0.09,В обробці,Часткова оплата,Нова пошта
141,2024-08-07,2024-08-11,81,43,174,78,1185.68,0.06,Новий,Передоплата,Нова пошта
142,2024-05-28,2024-06-07,33,63,180,50,6007.8,0.05,Відвантажено,Передоплата,Доставка
143,2024-04-24,2024-05-02,8,65,23,45,3422.02,0.14,Новий,Часткова оплата,Нова пошта
144,2023-09-29,2023-10-08,97,79,191,92,7175.9,0.09,В обробці,Часткова оплата,Доставка
145,2024-03-08,2024-03-19,26,72,174,79,3967.94,0.07,Завершено,Передоплата,Нова пошта
146,2024-01-17,2024-01-31,41,61,42,14,401.07,0.09,Новий,Часткова оплата,Самовивіз
147,2024-05-23,2024-05-26,68,140,97,59,5493.44,0.11,Відвантажено,Передоплата,Нова пошта
148,2023-05-26,2023-06-05,94,101,32,27,1735.77,0.09,Відвантажено,Передоплата,Самовивіз
149,2023-09-21,2023-10-02,69,51,149,3,6123.56,0.04,Відвантажено,Часткова оплата,Нова пошта
150,2024-05-06,2024-05-20,23,48,115,58,7089.0,0.14,В обробці,Післяплата,Доставка
151,2024-02-01,2024-02-14,30,143,150,68,5015.8,0.13,Завершено,Часткова оплата,Самовивіз
152,2023-06-25,2023-07-01,54,61,42,33,1037.85,0.02,Новий,Часткова оплата,Нова пошта
153,2023-01-13,2023-01-27,54,30,13,68,1037.85,0.11,Відвантажено,Часткова оплата,Самовивіз
154,2023-04-17,2023-04-21,69,143,41,34,6123.56,0.06,Відвантажено,Передоплата,Самовивіз
155,2024-03-01,2024-03-07,71,16,97,28,1747.23,0.03,В обробці,Післяплата,Самовивіз
156,2024-07-05,2024-07-09,69,105,27,20,6123.56,0.01,Відвантажено,Післяплата,Нова пошта
157,2024-05-15,2024-05-26,61,79,37,21,6045.72,0.09,Відвантажено,Післяплата,Нова пошта
158,2023-02-04,2023-02-12,81,69,5,39,1185.68,0.1,Відвантажено,Післяплата,Нова пошта
159,2023-12-29,2024-01-03,6,57,26,61,3045.58,0.11,Відвантажено,Передоплата,Доставка
160,2024-04-27,2024-04-28,95,39,137,13,1319.74,0.03,Новий,Передоплата,Доставка
161,2023-10-15,2023-10-22,17,69,89,51,6825.2,0.02,Новий,Часткова оплата,Доставка
162,2023-06-05,2023-06-12,77,99,174,54,2594.07,0.13,Новий,Передоплата,Самовивіз
163,2023-07-08,2023-07-14,20,76,41,5,363.07,0.03,Завершено,Передоплата,Нова пошта
164,2023-01-11,2023-01-21,37,36,56,3,1896.22,0.07,Новий,Післяплата,Самовивіз
165,2024-03-16,2024-03-30,97,57,81,59,7175.9,0.11,В обробці,Часткова оплата,Доставка
166,2024-10-13,2024-10-21,82,57,163,97,6991.9,0.02,Завершено,Часткова оплата,Нова пошта
167,2023-09-12,2023-09-26,37,121,93,66,1896.22,0.08,Відвантажено,Передоплата,Самовивіз
168,2024-11-05,2024-11-13,75,66,175,56,3561.94,0.11,В обробці,Передоплата,Самовивіз
169,2023-10-15,2023-10-29,42,117,32,70,6621.64,0.15,В обробці,Післяплата,Нова пошта
170,2023-06-08,2023-06-17,32,16,13,96,7390.74,0.13,Новий,Передоплата,Самовивіз
171,2023-10-07,2023-10-21,98,106,168,72,1279.42,0.1,Новий,Післяплата,Нова пошта
172,2023-12-10,2023-12-20,91,97,138,72,5551.49,0.04,Відвантажено,Післяплата,Доставка
173,2024-06-25,2024-07-06,56,18,120,86,5607.53,0.07,Завершено,Післяплата,Самовивіз
174,2023-02-11,2023-02-12,3,140,174,92,5787.62,0.1,Відвантажено,Часткова оплата,Нова пошта
175,2024-01-21,2024-01-25,37,35,175,63,1896.22,0.14,Завершено,Післяплата,Нова пошта
176,2024-07-13,2024-07-21,6,6,97,62,3045.58,0.01,Завершено,Післяплата,Самовивіз
177,2023-12-20,2023-12-22,66,2,36,73,2887.08,0.02,Відвантажено,Часткова оплата,Нова пошта
178,2023-02-08,2023-02-21,52,40,120,30,3088.92,0.03,В обробці,Передоплата,Самовивіз
179,2023-05-05,2023-05-06,28,85,81,45,3129.85,0.02,В обробці,Часткова оплата,Самовивіз
180,2024-10-15,2024-10-27,25,118,23,27,667.98,0.02,Відвантажено,Передоплата,Самовивіз
181,2023-12-11,2023-12-18,51,69,89,80,511.51,0.05,В обробці,Часткова оплата,Самовивіз
182,2023-10-15,2023-10-20,94,104,97,42,1735.77,0.03,Відвантажено,Часткова оплата,Доставка
183,2023-09-14,2023-09-15,76,90,5,29,5996.98,0.13,Новий,Передоплата,Нова пошта
184,2024-12-25,2024-12-26,90,76,120,50,3644.77,0.13,В обробці,Часткова оплата,Доставка
185,2024-05-14,2024-05-26,51,38,25,79,511.51,0.11,Завершено,Часткова оплата,Доставка
186,2024-09-05,2024-09-14,68,86,32,70,5493.44,0.09,Відвантажено,Післяплата,Доставка
187,2023-03-12,2023-03-24,75,133,182,41,3561.94,0.14,Завершено,Передоплата,Нова пошта
188,2023-06-26,2023-06-27,58,130,191,20,4377.0,0.02,Новий,Післяплата,Нова пошта
189,2024-01-23,2024-02-04,26,45,42,2,3967.94,0.05,Завершено,Післяплата,Самовивіз
190,2023-12-08,2023-12-17,41,13,41,93,401.07,0.0,Відвантажено,Часткова оплата,Самовивіз
191,2023-06-09,2023-06-14,9,37,5,27,5099.65,0.08,Відвантажено,Передоплата,Доставка
192,2023-02-09,2023-02-11,100,12,137,97,2465.28,0.02,Новий,Часткова оплата,Нова пошта
193,2023-04-02,2023-04-14,56,79,137,58,5607.53,0.1,В обробці,Часткова оплата,Доставка
194,2024-07-11,2024-07-22,100,88,36,48,2465.28,0.03,Завершено,Післяплата,Доставка
195,2023-09-01,2023-09-09,68,27,41,48,5493.44,0.12,Новий,Передоплата,Нова пошта
196,2023-07-23,2023-08-06,77,84,175,60,2594.07,0.14,Новий,Післяплата,Самовивіз
197,2023-01-01,2023-01-08,8,66,138,19,3422.02,0.09,Відвантажено,Післяплата,Доставка
198,2024-07-24,2024-08-03,86,8,149,94,4727.55,0.09,Новий,Передоплата,Самовивіз
199,2023-05-27,2023-06-06,13,11,27,5,1425.51,0.1,Завершено,Часткова оплата,Нова пошта
200,2024-12-12,2024-12-15,32,148,25,77,7390.74,0.14,В обробці,Передоплата,Нова пошта
201,2023-05-06,2023-05-18,36,32,175,43,2442.55,0.01,Відвантажено,Часткова оплата,Нова пошта
202,2023-11-16,2023-11-22,65,77,5,82,5129.5,0.02,Завершено,Післяплата,Самовивіз
203,2024-08-09,2024-08-12,16,140,138,6,5647.09,0.14,Завершено,Часткова оплата,Нова пошта
204,2024-10-27,2024-11-02,16,88,27,79,5647.09,0.03,Новий,Передоплата,Доставка
205,2023-01-01,2023-01-15,20,88,97,11,363.07,0.1,Новий,Передоплата,Нова пошта
206,2023-12-01,2023-12-07,79,94,150,74,6232.36,0.02,В обробці,Передоплата,Доставка
207,2023-02-15,2023-02-26,84,11,174,13,3643.87,0.13,Завершено,Часткова оплата,Самовивіз
208,2024-05-24,2024-05-26,75,54,36,47,3561.94,0.09,Відвантажено,Передоплата,Нова пошта
209,2023-08-17,2023-08-18,44,73,149,46,6731.79,0.03,Завершено,Передоплата,Самовивіз
210,2023-01-30,2023-02-09,18,10,13,25,5135.95,0.06,В обробці,Передоплата,Нова пошта
211,2023-06-25,2023-07-08,76,140,180,35,5996.98,0.08,Завершено,Часткова оплата,Нова пошта
212,2023-06-20,2023-06-24,82,14,137,23,6991.9,0.06,Відвантажено,Передоплата,Нова пошта
213,2023-08-26,2023-09-08,72,36,41,22,2939.22,0.12,Відвантажено,Післяплата,Нова пошта
214,2024-08-25,2024-09-02,92,146,27,50,420.84,0.01,В обробці,Післяплата,Доставка
215,2023-06-13,2023-06-25,73,21,5,94,4656.43,0.09,В обробці,Передоплата,Самовивіз
216,2024-02-18,2024-02-22,86,44,163,31,4727.55,0.04,Завершено,Часткова оплата,Доставка
217,2024-11-25,2024-11-29,65,44,182,85,5129.5,0.13,Відвантажено,Післяплата,Самовивіз
218,2024-10-20,2024-11-01,77,67,42,44,2594.07,0.02,Відвантажено,Передоплата,Доставка
219,2024-08-10,2024-08-11,17,18,5,10,6825.2,0.09,Завершено,Післяплата,Нова пошта
220,2023-10-10,2023-10-14,20,4,120,19,363.07,0.03,В обробці,Післяплата,Доставка
221,2024-01-29,2024-02-07,79,79,89,49,6232.36,0.06,Новий,Післяплата,Нова пошта
222,2024-09-03,2024-09-08,5,41,115,5,6141.12,0.06,Новий,Передоплата,Самовивіз
223,2024-03-02,2024-03-15,13,136,115,2,1425.51,0.04,Завершено,Післяплата,Самовивіз
224,2023-04-11,2023-04-14,14,82,115,9,3355.12,0.13,Новий,Передоплата,Доставка
225,2023-11-24,2023-12-01,76,102,120,61,5996.98,0.04,Новий,Часткова оплата,Самовивіз
226,2024-07-15,2024-07-16,8,77,81,6,3422.02,0.04,В обробці,Післяплата,Самовивіз
227,2024-01-24,2024-01-29,44,85,5,97,6731.79,0.11,В обробці,Передоплата,Самовивіз
228,2023-01-24,2023-01-27,15,65,137,85,1888.18,0.02,Завершено,Післяплата,Нова пошта
229,2023-10-01,2023-10-03,80,96,13,29,3828.48,0.03,Новий,Часткова оплата,Доставка
230,2024-12-01,2024-12-08,75,60,150,76,3561.94,0.07,В обробці,Передоплата,Доставка
231,2023-07-16,2023-07-25,25,139,115,75,667.98,0.1,В обробці,Передоплата,Самовивіз
232,2024-12-15,2024-12-27,70,123,170,89,1945.31,0.1,В обробці,Післяплата,Нова пошта
233,2024-10-29,2024-11-02,71,98,170,6,1747.23,0.04,Завершено,Післяплата,Самовивіз
234,2024-05-17,2024-05-20,76,132,119,61,5996.98,0.13,Відвантажено,Післяплата,Нова пошта
235,2024-12-27,2025-01-09,70,20,150,9,1945.31,0.06,Завершено,Післяплата,Доставка
236,2023-07-14,2023-07-28,94,105,163,95,1735.77,0.02,В обробці,Післяплата,Доставка
237,2024-09-18,2024-10-02,82,60,37,22,6991.9,0.06,Відвантажено,Часткова оплата,Нова пошта
238,2024-10-05,2024-10-16,68,107,23,97,5493.44,0.04,В обробці,Передоплата,Нова пошта
239,2024-04-12,2024-04-23,81,121,120,57,1185.68,0.01,В обробці,Передоплата,Самовивіз
240,2024-06-21,2024-07-01,98,11,97,18,1279.42,0.02,В обробці,Передоплата,Доставка
241,2023-05-19,2023-05-28,23,107,174,25,7089.0,0.08,Завершено,Часткова оплата,Самовивіз
242,2023-12-02,2023-12-09,26,53,23,36,3967.94,0.1,Завершено,Передоплата,Самовивіз
243,2024-02-03,2024-02-12,28,41,13,12,3129.85,0.01,Завершено,Передоплата,Нова пошта
244,2024-02-06,2024-02-12,5,115,182,62,6141.12,0.03,Відвантажено,Часткова оплата,Самовивіз
245,2024-10-05,2024-10-11,42,88,175,55,6621.64,0.1,Новий,Часткова оплата,Самовивіз
246,2024-01-10,2024-01-21,69,45,56,4,6123.56,0.03,Новий,Часткова оплата,Нова пошта
247,2023-10-25,2023-11-07,42,37,81,2,6621.64,0.09,Новий,Післяплата,Доставка
248,2024-08-19,2024-08-30,71,15,115,78,1747.23,0.0,Відвантажено,Передоплата,Самовивіз
249,2024-11-02,2024-11-16,17,98,174,72,6825.2,0.02,В обробці,Часткова оплата,Доставка
250,2023-04-20,2023-05-01,72,125,180,50,2939.22,0.1,В обробці,Часткова оплата,Самовивіз
251,2024-07-08,2024-07-21,28,99,93,30,3129.85,0.11,Відвантажено,Передоплата,Нова пошта
252,2023-10-13,2023-10-27,59,98,13,3,464.9,0.13,Відвантажено,Передоплата,Нова пошта
253,2023-05-26,2023-06-06,3,106,42,21,5787.62,0.07,Завершено,Післяплата,Нова пошта
254,2024-11-24,2024-11-25,98,5,180,19,1279.42,0.1,Новий,Передоплата,Доставка
255,2023-09-27,2023-09-30,31,58,175,79,1091.11,0.12,Завершено,Післяплата,Самовивіз
256,2023-01-22,2023-02-04,44,90,36,74,6731.79,0.02,Відвантажено,Часткова оплата,Самовивіз
257,2023-08-24,2023-08-25,71,37,120,43,1747.23,0.14,Новий,Післяплата,Самовивіз
258,2023-06-19,2023-06-21,25,132,120,44,667.98,0.0,Відвантажено,Передоплата,Нова пошта
259,2024-05-14,2024-05-20,26,68,26,24,3967.94,0.13,Відвантажено,Передоплата,Самовивіз
260,2023-06-22,2023-07-02,75,41,23,76,3561.94,0.05,В обробці,Передоплата,Доставка
261,2023-07-19,2023-07-22,69,53,138,12,6123.56,0.11,Відвантажено,Часткова оплата,Самовивіз
262,2023-07-17,2023-07-27,98,3,117,97,1279.42,0.09,Відвантажено,Часткова оплата,Доставка
263,2024-10-30,2024-11-09,3,126,13,92,5787.62,0.12,Завершено,Передоплата,Самовивіз
264,2024-08-06,2024-08-09,73,13,120,68,4656.43,0.02,Завершено,Часткова оплата,Нова пошта
265,2023-06-29,2023-07-04,59,43,119,94,464.9,0.01,В обробці,Часткова оплата,Нова пошта
266,2024-08-09,2024-08-21,76,128,25,20,5996.98,0.01,Відвантажено,Післяплата,Доставка
267,2023-12-27,2023-12-28,73,82,119,55,4656.43,0.06,В обробці,Часткова оплата,Самовивіз
268,2024-11-23,2024-11-25,36,43,191,40,2442.55,0.07,Відвантажено,Передоплата,Доставка
269,2024-04-27,2024-05-08,70,118,175,58,1945.31,0.06,Відвантажено,Післяплата,Нова пошта
270,2023-01-29,2023-02-09,95,146,150,85,1319.74,0.02,Новий,Часткова оплата,Нова пошта
271,2023-09-20,2023-09-21,68,45,170,84,5493.44,0.13,Завершено,Післяплата,Самовивіз
272,2023-09-02,2023-09-04,73,89,138,98,4656.43,0.13,Завершено,Передоплата,Доставка
273,2023-02-01,2023-02-15,18,87,163,73,5135.95,0.14,Завершено,Передоплата,Самовивіз
274,2023-12-29,2024-01-05,73,121,36,46,4656.43,0.09,Відвантажено,Часткова оплата,Нова пошта
275,2023-08-04,2023-08-09,79,98,149,50,6232.36,0.14,Відвантажено,Післяплата,Самовивіз
276,2023-10-02,2023-10-11,62,76,149,43,6658.79,0.15,Новий,Післяплата,Самовивіз
277,2023-05-19,2023-06-02,73,108,138,62,4656.43,0.05,В обробці,Часткова оплата,Нова пошта
278,2024-08-10,2024-08-15,20,101,5,99,363.07,0.07,Відвантажено,Післяплата,Доставка
279,2024-02-10,2024-02-23,17,129,41,1,6825.2,0.14,Новий,Післяплата,Доставка
280,2023-12-15,2023-12-22,25,143,26,92,667.98,0.11,В обробці,Передоплата,Нова пошта
281,2023-08-31,2023-09-07,70,101,119,28,1945.31,0.01,Відвантажено,Післяплата,Доставка
282,2023-08-09,2023-08-22,97,19,174,62,7175.9,0.0,В обробці,Післяплата,Самовивіз
283,2023-01-15,2023-01-29,14,83,97,37,3355.12,0.08,Завершено,Часткова оплата,Нова пошта
284,2023-08-04,2023-08-06,68,143,32,53,5493.44,0.04,Завершено,Часткова оплата,Нова пошта
285,2023-04-29,2023-05-09,95,56,182,96,1319.74,0.03,В обробці,Часткова оплата,Самовивіз
286,2023-01-19,2023-01-26,97,20,37,61,7175.9,0.09,В обробці,Передоплата,Доставка
287,2023-02-02,2023-02-10,92,106,120,4,420.84,0.09,Новий,Часткова оплата,Нова пошта
288,2023-02-08,2023-02-10,13,143,191,61,1425.51,0.02,Відвантажено,Часткова оплата,Доставка
289,2023-01-01,2023-01-13,91,97,168,98,5551.49,0.1,В обробці,Післяплата,Нова пошта
290,2023-09-04,2023-09-11,100,101,93,23,2465.28,0.11,Відвантажено,Післяплата,Нова пошта
291,2023-10-10,2023-10-16,20,59,115,32,363.07,0.06,Завершено,Часткова оплата,Самовивіз
292,2023-10-20,2023-10-26,49,111,117,69,639.22,0.06,Відвантажено,Передоплата,Доставка
293,2023-02-17,2023-03-03,79,130,170,66,6232.36,0.05,В обробці,Післяплата,Самовивіз
294,2024-02-01,2024-02-07,85,67,27,51,7401.68,0.03,Новий,Передоплата,Самовивіз
295,2024-06-09,2024-06-14,56,59,175,46,5607.53,0.14,Завершено,Часткова оплата,Доставка
296,2024-08-15,2024-08-27,42,2,41,85,6621.64,0.08,Завершено,Передоплата,Доставка
297,2023-07-28,2023-08-04,77,115,180,91,2594.07,0.04,В обробці,Передоплата,Самовивіз
298,2024-09-11,2024-09-20,77,79,25,41,2594.07,0.15,Відвантажено,Передоплата,Доставка
299,2024-05-11,2024-05-17,72,62,115,20,2939.22,0.04,Завершено,Часткова оплата,Самовивіз
300,2024-06-19,2024-07-01,82,4,191,12,6991.9,0.1,В обробці,Передоплата,Нова пошта
301,2023-06-30,2023-07-12,28,139,170,78,3129.85,0.15,Новий,Передоплата,Самовивіз
302,2023-06-15,2023-06-28,62,6,150,23,6658.79,0.14,Новий,Передоплата,Нова пошта
303,2024-02-15,2024-02-22,76,41,93,79,5996.98,0.14,В обробці,Часткова оплата,Доставка
304,2023-11-03,2023-11-13,91,60,81,69,5551.49,0.05,Відвантажено,Післяплата,Самовивіз
305,2023-02-15,2023-02-24,84,98,56,22,3643.87,0.05,Завершено,Часткова оплата,Доставка
306,2023-06-02,2023-06-15,91,44,175,66,5551.49,0.0,Завершено,Передоплата,Нова пошта
307,2023-01-11,2023-01-13,73,79,36,99,4656.43,0.14,Завершено,Післяплата,Самовивіз
308,2023-06-18,2023-07-01,5,136,32,55,6141.12,0.03,Завершено,Післяплата,Нова пошта
309,2023-07-27,2023-08-01,96,6,13,67,4096.05,0.15,Відвантажено,Післяплата,Доставка
310,2024-05-05,2024-05-10,32,112,117,55,7390.74,0.11,Завершено,Часткова оплата,Доставка
311,2023-11-12,2023-11-26,23,140,115,71,7089.0,0.02,Відвантажено,Часткова оплата,Доставка
312,2024-09-21,2024-10-04,71,117,174,47,1747.23,0.08,В обробці,Післяплата,Нова пошта
313,2023-11-20,2023-11-30,69,140,5,66,6123.56,0.05,В обробці,Часткова оплата,Самовивіз
314,2023-03-13,2023-03-23,54,119,37,68,1037.85,0.09,В обробці,Післяплата,Нова пошта
315,2023-03-27,2023-04-05,49,53,150,17,639.22,0.1,Новий,Часткова оплата,Самовивіз
316,2024-01-02,2024-01-09,86,123,13,31,4727.55,0.05,Новий,Післяплата,Самовивіз
317,2024-04-12,2024-04-21,52,121,42,43,3088.92,0.05,В обробці,Часткова оплата,Доставка
318,2023-07-26,2023-08-07,80,136,163,82,3828.48,0.14,Відвантажено,Передоплата,Нова пошта
319,2023-11-28,2023-12-05,8,51,149,64,3422.02,0.03,Завершено,Передоплата,Самовивіз
320,2023-07-24,2023-07-29,11,9,170,11,5106.5,0.07,Відвантажено,Післяплата,Самовивіз
321,2024-07-26,2024-08-01,73,12,180,85,4656.43,0.15,Завершено,Часткова оплата,Самовивіз
322,2024-09-30,2024-10-08,30,28,23,25,5015.8,0.04,Новий,Часткова оплата,Доставка
323,2023-04-04,2023-04-06,72,76,13,57,2939.22,0.15,Відвантажено,Передоплата,Доставка
324,2023-10-01,2023-10-15,95,37,115,67,1319.74,0.07,Завершено,Часткова оплата,Доставка
325,2024-04-11,2024-04-14,62,12,25,57,6658.79,0.15,Новий,Передоплата,Нова пошта
326,2023-12-25,2024-01-08,9,3,149,39,5099.65,0.01,Новий,Часткова оплата,Самовивіз
327,2023-09-03,2023-09-14,5,64,5,8,6141.12,0.0,В обробці,Післяплата,Самовивіз
328,2024-01-07,2024-01-17,90,77,37,29,3644.77,0.03,В обробці,Передоплата,Нова пошта
329,2023-04-13,2023-04-25,56,56,119,98,5607.53,0.07,Відвантажено,Часткова оплата,Нова пошта
330,2023-08-11,2023-08-21,66,55,138,8,2887.08,0.14,В обробці,Післяплата,Доставка
331,2023-05-29,2023-05-30,84,136,150,28,3643.87,0.04,Новий,Часткова оплата,Нова пошта
332,2024-09-05,2024-09-09,59,122,42,77,464.9,0.0,Новий,Часткова оплата,Доставка
333,2024-12-16,2024-12-17,14,54,117,81,3355.12,0.05,Відвантажено,Передоплата,Нова пошта
334,2024-06-08,2024-06-16,68,44,120,13,5493.44,0.0,Відвантажено,Часткова оплата,Нова пошта
335,2024-06-14,2024-06-20,79,21,174,14,6232.36,0.03,В обробці,Передоплата,Самовивіз
336,2023-10-20,2023-10-23,76,133,115,30,5996.98,0.05,Відвантажено,Часткова оплата,Самовивіз
337,2023-01-29,2023-02-02,68,97,168,14,5493.44,0.15,Новий,Часткова оплата,Нова пошта
338,2024-06-22,2024-07-04,20,30,163,95,363.07,0.04,В обробці,Передоплата,Нова пошта
339,2024-06-25,2024-07-07,14,16,93,60,3355.12,0.04,Новий,Передоплата,Доставка
340,2023-05-20,2023-05-22,46,116,25,38,5825.75,0.1,Завершено,Післяплата,Нова пошта
341,2024-07-22,2024-07-27,49,62,97,5,639.22,0.15,Новий,Післяплата,Нова пошта
342,2024-12-03,2024-12-11,91,51,41,8,5551.49,0.12,Відвантажено,Передоплата,Нова пошта
343,2023-08-21,2023-09-01,90,48,37,78,3644.77,0.0,В обробці,Часткова оплата,Самовивіз
344,2023-04-24,2023-05-07,80,20,5,15,3828.48,0.04,Завершено,Часткова оплата,Нова пошта
345,2023-11-02,2023-11-04,75,94,32,16,3561.94,0.05,Завершено,Часткова оплата,Самовивіз
346,2024-01-02,2024-01-15,6,39,150,83,3045.58,0.11,В обробці,Часткова оплата,Доставка
347,2023-12-02,2023-12-05,13,28,56,100,1425.51,0.12,Новий,Часткова оплата,Самовивіз
348,2024-11-19,2024-11-23,61,59,93,54,6045.72,0.03,Відвантажено,Післяплата,Самовивіз
349,2023-08-23,2023-09-03,9,20,26,88,5099.65,0.13,Відвантажено,Часткова оплата,Самовивіз
350,2023-06-09,2023-06-21,62,120,117,48,6658.79,0.13,В обробці,Передоплата,Доставка
351,2023-04-23,2023-04-30,37,59,119,30,1896.22,0.06,Відвантажено,Післяплата,Доставка
352,2023-05-07,2023-05-20,58,37,56,25,4377.0,0.08,Відвантажено,Часткова оплата,Нова пошта
353,2024-08-03,2024-08-11,18,75,81,25,5135.95,0.0,Відвантажено,Передоплата,Доставка
354,2024-12-04,2024-12-17,73,12,174,58,4656.43,0.11,В обробці,Часткова оплата,Нова пошта
355,2024-05-18,2024-05-30,81,149,41,68,1185.68,0.03,Завершено,Післяплата,Самовивіз
356,2023-12-26,2023-12-28,65,112,25,49,5129.5,0.11,В обробці,Післяплата,Нова пошта
357,2024-09-10,2024-09-18,61,100,115,83,6045.72,0.11,Новий,Післяплата,Самовивіз
358,2024-06-16,2024-06-27,65,100,137,42,5129.5,0.04,Відвантажено,Передоплата,Нова пошта
359,2024-06-22,2024-07-03,73,120,168,76,4656.43,0.13,Новий,Передоплата,Самовивіз
360,2024-05-15,2024-05-18,34,44,180,92,6605.19,0.14,Завершено,Часткова оплата,Самовивіз
361,2024-11-30,2024-12-11,77,84,120,99,2594.07,0.13,В обробці,Післяплата,Самовивіз
362,2023-03-01,2023-03-06,14,125,97,68,3355.12,0.03,Новий,Часткова оплата,Доставка
363,2024-08-16,2024-08-26,5,39,174,59,6141.12,0.14,Відвантажено,Післяплата,Доставка
364,2023-11-12,2023-11-18,34,116,93,19,6605.19,0.02,Новий,Післяплата,Доставка
365,2023-04-29,2023-05-13,26,87,117,29,3967.94,0.0,Новий,Передоплата,Самовивіз
366,2023-12-04,2023-12-12,97,22,138,27,7175.9,0.1,В обробці,Післяплата,Доставка
367,2023-06-09,2023-06-18,95,130,93,53,1319.74,0.1,Новий,Післяплата,Нова пошта
368,2023-09-21,2023-10-02,70,20,119,94,1945.31,0.11,Завершено,Передоплата,Самовивіз
369,2023-11-17,2023-11-24,20,87,137,88,363.07,0.1,В обробці,Післяплата,Самовивіз
370,2024-07-24,2024-08-01,40,57,42,55,4283.42,0.1,Новий,Часткова оплата,Нова пошта
371,2024-05-22,2024-05-25,98,66,150,71,1279.42,0.15,Завершено,Передоплата,Нова пошта
372,2023-07-16,2023-07-23,80,107,119,29,3828.48,0.03,Відвантажено,Післяплата,Нова пошта
373,2024-06-05,2024-06-17,3,63,23,85,5787.62,0.01,Відвантажено,Передоплата,Самовивіз
374,2023-03-21,2023-04-03,94,15,137,12,1735.77,0.12,Завершено,Післяплата,Самовивіз
375,2024-02-28,2024-03-04,31,104,37,3,1091.11,0.05,Завершено,Часткова оплата,Нова пошта
376,2024-09-15,2024-09-21,51,90,119,9,511.51,0.05,Завершено,Післяплата,Самовивіз
377,2023-05-15,2023-05-20,94,101,191,29,1735.77,0.04,Новий,Передоплата,Нова пошта
378,2023-09-07,2023-09-14,8,12,150,56,3422.02,0.06,Відвантажено,Передоплата,Нова пошта
379,2024-01-17,2024-01-23,46,64,138,71,5825.75,0.05,В обробці,Післяплата,Доставка
380,2024-10-01,2024-10-02,95,45,81,2,1319.74,0.1,Завершено,Часткова оплата,Самовивіз
381,2023-05-18,2023-05-30,14,33,89,37,3355.12,0.06,Завершено,Післяплата,Доставка
382,2024-03-25,2024-03-31,69,119,168,76,6123.56,0.06,Завершено,Передоплата,Самовивіз
383,2023-01-25,2023-02-04,95,60,138,3,1319.74,0.0,Новий,Часткова оплата,Самовивіз
384,2024-03-11,2024-03-25,14,79,5,50,3355.12,0.12,Відвантажено,Передоплата,Самовивіз
385,2024-01-25,2024-01-29,77,115,180,34,2594.07,0.01,Відвантажено,Часткова оплата,Самовивіз
386,2023-04-25,2023-04-29,59,119,42,51,464.9,0.05,Завершено,Передоплата,Нова пошта
387,2024-03-09,2024-03-12,29,64,13,50,317.1,0.11,Новий,Післяплата,Самовивіз
388,2024-04-26,2024-05-01,85,121,97,69,7401.68,0.11,Завершено,Передоплата,Доставка
389,2024-05-16,2024-05-22,66,4,180,14,2887.08,0.07,В обробці,Передоплата,Самовивіз
390,2023-12-23,2023-12-30,71,58,26,88,1747.23,0.15,Новий,Післяплата,Нова пошта
391,2023-05-13,2023-05-21,91,111,5,87,5551.49,0.01,Новий,Часткова оплата,Самовивіз
392,2023-07-23,2023-08-02,79,37,168,86,6232.36,0.11,Відвантажено,Післяплата,Самовивіз
393,2023-11-10,2023-11-20,84,87,120,89,3643.87,0.13,В обробці,Передоплата,Доставка
394,2023-06-26,2023-07-03,28,119,175,75,3129.85,0.04,В обробці,Післяплата,Доставка
395,2024-10-06,2024-10-08,82,89,26,43,6991.9,0.07,Новий,Передоплата,Нова пошта
396,2024-09-17,2024-09-20,94,52,56,50,1735.77,0.09,Відвантажено,Післяплата,Доставка
397,2023-03-27,2023-04-01,62,62,150,33,6658.79,0.12,В обробці,Передоплата,Самовивіз
398,2023-06-01,2023-06-07,30,108,137,81,5015.8,0.09,В обробці,Часткова оплата,Нова пошта
399,2023-11-13,2023-11-17,8,16,163,79,3422.02,0.13,Відвантажено,Передоплата,Доставка
400,2023-01-26,2023-01-27,54,79,42,78,1037.85,0.01,Відвантажено,Післяплата,Самовивіз
401,2024-04-26,2024-05-01,23,6,191,58,7089.0,0.08,Новий,Післяплата,Самовивіз
402,2024-04-24,2024-04-27,23,147,13,92,7089.0,0.11,Відвантажено,Післяплата,Нова пошта
403,2024-05-01,2024-05-08,59,118,117,97,464.9,0.02,Новий,Передоплата,Самовивіз
404,2023-08-20,2023-08-26,81,101,168,80,1185.68,0.15,Завершено,Передоплата,Нова пошта
405,2023-08-24,2023-08-26,69,66,150,63,6123.56,0.14,Новий,Передоплата,Самовивіз
406,2024-03-25,2024-04-04,84,23,149,8,3643.87,0.01,Новий,Передоплата,Самовивіз
407,2023-04-14,2023-04-17,23,32,175,67,7089.0,0.07,Новий,Післяплата,Доставка
408,2024-08-13,2024-08-16,84,118,42,6,3643.87,0.01,В обробці,Передоплата,Самовивіз
409,2023-02-03,2023-02-13,32,57,81,92,7390.74,0.05,Відвантажено,Часткова оплата,Доставка
410,2023-06-16,2023-06-29,62,24,119,64,6658.79,0.05,Відвантажено,Післяплата,Самовивіз
411,2023-03-11,2023-03-16,25,11,37,94,667.98,0.04,Завершено,Післяплата,Нова пошта
412,2023-02-05,2023-02-11,46,27,115,64,5825.75,0.07,Новий,Післяплата,Доставка
413,2024-01-23,2024-01-27,56,46,168,80,5607.53,0.03,Відвантажено,Післяплата,Доставка
414,2023-04-08,2023-04-16,71,148,36,94,1747.23,0.1,В обробці,Часткова оплата,Нова пошта
415,2024-07-05,2024-07-12,62,100,5,5,6658.79,0.13,Відвантажено,Часткова оплата,Самовивіз
416,2024-05-05,2024-05-14,100,41,37,16,2465.28,0.06,Завершено,Часткова оплата,Нова пошта
417,2024-10-09,2024-10-23,65,56,89,38,5129.5,0.12,Завершено,Передоплата,Нова пошта
418,2024-01-01,2024-01-09,30,104,56,32,5015.8,0.06,Завершено,Часткова оплата,Нова пошта
419,2024-08-16,2024-08-27,59,57,27,4,464.9,0.07,Відвантажено,Післяплата,Нова пошта
420,2023-03-01,2023-03-10,96,115,5,9,4096.05,0.06,В обробці,Післяплата,Нова пошта
421,2023-09-01,2023-09-07,68,52,120,82,5493.44,0.1,Відвантажено,Післяплата,Самовивіз
422,2024-12-17,2024-12-18,25,72,168,77,667.98,0.15,Новий,Часткова оплата,Нова пошта
423,2024-10-19,2024-10-26,14,13,149,16,3355.12,0.12,Новий,Післяплата,Нова пошта
424,2024-11-04,2024-11-07,99,85,163,35,5777.78,0.09,Новий,Часткова оплата,Нова пошта
425,2023-07-18,2023-07-26,18,18,23,86,5135.95,0.1,В обробці,Післяплата,Самовивіз
426,2024-08-14,2024-08-25,32,147,174,82,7390.74,0.06,Відвантажено,Передоплата,Нова пошта
427,2024-05-09,2024-05-20,16,49,97,24,5647.09,0.03,Відвантажено,Післяплата,Нова пошта
428,2024-03-22,2024-04-03,31,63,89,4,1091.11,0.09,Відвантажено,Передоплата,Самовивіз
429,2023-09-27,2023-10-10,6,87,37,22,3045.58,0.06,В обробці,Передоплата,Доставка
430,2024-08-02,2024-08-04,72,97,191,32,2939.22,0.13,Новий,Післяплата,Нова пошта
431,2023-08-08,2023-08-10,25,75,191,63,667.98,0.13,В обробці,Післяплата,Нова пошта
432,2024-08-10,2024-08-23,71,4,37,45,1747.23,0.03,В обробці,Часткова оплата,Доставка
433,2024-03-27,2024-04-08,90,85,89,32,3644.77,0.02,Відвантажено,Передоплата,Доставка
434,2023-01-22,2023-02-04,76,35,150,75,5996.98,0.1,Новий,Передоплата,Доставка
435,2023-11-13,2023-11-22,94,139,25,29,1735.77,0.03,Новий,Післяплата,Доставка
436,2024-02-24,2024-03-07,58,37,81,27,4377.0,0.01,Завершено,Післяплата,Доставка
437,2023-08-21,2023-08-27,98,90,89,89,1279.42,0.11,В обробці,Передоплата,Доставка
438,2023-11-17,2023-11-20,26,72,56,39,3967.94,0.02,Відвантажено,Післяплата,Нова пошта
439,2024-12-29,2025-01-10,65,2,119,55,5129.5,0.02,Завершено,Часткова оплата,Самовивіз
440,2024-05-23,2024-05-26,91,60,191,45,5551.49,0.08,Відвантажено,Часткова оплата,Самовивіз
441,2023-10-27,2023-11-01,66,98,89,83,2887.08,0.13,Відвантажено,Часткова оплата,Нова пошта
442,2023-04-19,2023-04-28,61,63,115,23,6045.72,0.13,Новий,Передоплата,Самовивіз
443,2024-09-18,2024-09-26,13,68,23,80,1425.51,0.04,Завершено,Передоплата,Самовивіз
444,2023-07-19,2023-07-23,42,4,182,25,6621.64,0.13,Відвантажено,Післяплата,Нова пошта
445,2024-09-26,2024-09-27,96,27,41,94,4096.05,0.04,В обробці,Передоплата,Самовивіз
446,2023-10-02,2023-10-03,5,101,26,29,6141.12,0.06,Відвантажено,Післяплата,Нова пошта
447,2023-05-08,2023-05-10,6,60,13,28,3045.58,0.07,В обробці,Часткова оплата,Доставка
448,2024-04-14,2024-04-24,99,126,41,38,5777.78,0.09,В обробці,Часткова оплата,Доставка
449,2024-04-16,2024-04-27,62,62,163,20,6658.79,0.0,Відвантажено,Передоплата,Нова пошта
450,2023-09-14,2023-09-20,46,45,26,80,5825.75,0.08,Завершено,Післяплата,Нова пошта
451,2024-02-01,2024-02-09,9,127,120,42,5099.65,0.06,Новий,Передоплата,Нова пошта
452,2023-12-11,2023-12-22,34,11,180,86,6605.19,0.06,Відвантажено,Часткова оплата,Доставка
453,2024-12-20,2024-12-22,90,78,26,46,3644.77,0.14,Завершено,Післяплата,Нова пошта
454,2024-10-06,2024-10-19,5,97,37,38,6141.12,0.09,В обробці,Післяплата,Самовивіз
455,2024-10-09,2024-10-21,92,107,150,53,420.84,0.03,В обробці,Передоплата,Нова пошта
456,2023-08-15,2023-08-25,23,17,117,68,7089.0,0.01,В обробці,Часткова оплата,Доставка
457,2023-12-19,2023-12-31,32,115,37,20,7390.74,0.12,В обробці,Часткова оплата,Самовивіз
458,2023-03-11,2023-03-19,20,65,41,13,363.07,0.06,В обробці,Часткова оплата,Доставка
459,2024-12-13,2024-12-25,94,122,23,90,1735.77,0.07,Завершено,Часткова оплата,Доставка
460,2024-09-08,2024-09-22,80,108,170,16,3828.48,0.03,В обробці,Післяплата,Нова пошта
461,2023-08-24,2023-09-05,61,111,120,58,6045.72,0.12,Новий,Передоплата,Доставка
462,2023-02-17,2023-02-25,70,46,23,66,1945.31,0.11,В обробці,Часткова оплата,Нова пошта
463,2023-07-13,2023-07-18,81,13,138,64,1185.68,0.03,В обробці,Післяплата,Нова пошта
464,2023-01-13,2023-01-25,84,12,138,1,3643.87,0.03,Новий,Передоплата,Самовивіз
465,2024-02-11,2024-02-12,68,89,115,74,5493.44,0.01,В обробці,Передоплата,Доставка
466,2023-02-28,2023-03-09,3,36,26,38,5787.62,0.15,В обробці,Післяплата,Самовивіз
467,2024-05-19,2024-05-31,66,55,163,17,2887.08,0.02,Завершено,Післяплата,Нова пошта
468,2023-06-21,2023-06-29,58,61,41,69,4377.0,0.06,Новий,Часткова оплата,Доставка
469,2024-02-18,2024-02-22,29,115,41,49,317.1,0.14,Відвантажено,Часткова оплата,Нова пошта
470,2024-01-11,2024-01-18,14,143,93,59,3355.12,0.01,Новий,Передоплата,Самовивіз
471,2024-07-31,2024-08-02,36,139,32,76,2442.55,0.08,Новий,Передоплата,Нова пошта
472,2023-07-28,2023-08-10,81,39,138,24,1185.68,0.01,Відвантажено,Післяплата,Доставка
473,2023-04-03,2023-04-05,66,44,89,6,2887.08,0.08,Новий,Передоплата,Доставка
474,2024-06-14,2024-06-19,11,90,23,29,5106.5,0.07,В обробці,Часткова оплата,Нова пошта
475,2024-02-12,2024-02-13,58,2,41,20,4377.0,0.02,Відвантажено,Часткова оплата,Самовивіз
476,2024-02-01,2024-02-05,14,73,5,94,3355.12,0.1,Новий,Часткова оплата,Доставка
477,2023-04-28,2023-05-08,44,14,81,56,6731.79,0.02,Новий,Післяплата,Нова пошта
478,2023-10-08,2023-10-15,98,66,191,39,1279.42,0.08,Новий,Післяплата,Нова пошта
479,2024-04-08,2024-04-21,16,19,138,64,5647.09,0.14,Завершено,Часткова оплата,Нова пошта
480,2023-11-03,2023-11-06,81,146,37,85,1185.68,0.02,В обробці,Передоплата,Самовивіз
481,2024-02-06,2024-02-09,26,85,32,7,3967.94,0.04,Завершено,Часткова оплата,Самовивіз
482,2023-02-20,2023-03-04,25,9,138,30,667.98,0.14,Завершено,Часткова оплата,Нова пошта
483,2024-03-20,2024-03-29,92,94,120,96,420.84,0.07,Завершено,Післяплата,Нова пошта
484,2024-05-16,2024-05-18,90,44,163,33,3644.77,0.08,Завершено,Часткова оплата,Самовивіз
485,2024-06-15,2024-06-21,100,20,93,21,2465.28,0.04,В обробці,Часткова оплата,Доставка
486,2024-04-18,2024-05-02,13,122,5,60,1425.51,0.03,В обробці,Післяплата,Нова пошта
487,2024-02-05,2024-02-10,84,57,23,16,3643.87,0.06,Новий,Часткова оплата,Нова пошта
488,2023-11-01,2023-11-15,9,69,5,36,5099.65,0.01,Завершено,Післяплата,Нова пошта
489,2023-02-18,2023-03-03,86,111,115,86,4727.55,0.09,В обробці,Передоплата,Доставка
490,2023-11-06,2023-11-20,34,43,25,83,6605.19,0.15,Новий,Передоплата,Нова пошта
491,2023-12-10,2023-12-12,31,114,138,22,1091.11,0.09,Новий,Часткова оплата,Самовивіз
492,2024-06-11,2024-06-18,58,39,117,74,4377.0,0.15,Відвантажено,Передоплата,Самовивіз
493,2024-05-21,2024-06-04,59,101,27,44,464.9,0.05,Завершено,Передоплата,Нова пошта
494,2023-12-13,2023-12-16,32,9,137,52,7390.74,0.04,Новий,Передоплата,Нова пошта
495,2023-03-27,2023-04-07,36,94,182,61,2442.55,0.02,В обробці,Передоплата,Самовивіз
496,2023-05-22,2023-06-05,72,100,26,88,2939.22,0.06,В обробці,Післяплата,Самовивіз
497,2024-04-28,2024-05-02,59,109,119,98,464.9,0.13,Новий,Часткова оплата,Нова пошта
498,2024-10-30,2024-11-07,85,18,36,71,7401.68,0.02,Завершено,Післяплата,Нова пошта
499,2024-03-14,2024-03-19,71,140,37,90,1747.23,0.1,В обробці,Передоплата,Нова пошта
500,2023-07-28,2023-08-03,80,104,81,57,3828.48,0.12,В обробці,Часткова оплата,Доставка
501,2024-09-12,2024-09-18,30,33,13,57,5015.8,0.13,В обробці,Передоплата,Нова пошта
502,2024-08-27,2024-09-05,71,45,42,66,1747.23,0.08,Новий,Передоплата,Доставка
503,2023-11-11,2023-11-23,44,100,26,24,6731.79,0.05,В обробці,Часткова оплата,Доставка
504,2024-12-27,2025-01-06,23,15,182,19,7089.0,0.1,В обробці,Часткова оплата,Доставка
505,2024-09-04,2024-09-12,77,112,120,75,2594.07,0.07,Завершено,Передоплата,Самовивіз
506,2023-02-05,2023-02-11,94,30,117,68,1735.77,0.1,Завершено,Післяплата,Нова пошта
507,2023-03-20,2023-03-26,66,114,93,79,2887.08,0.08,Відвантажено,Післяплата,Доставка
508,2024-05-31,2024-06-14,30,105,191,95,5015.8,0.06,Відвантажено,Передоплата,Доставка
509,2023-09-15,2023-09-29,66,149,115,33,2887.08,0.12,Завершено,Часткова оплата,Нова пошта
510,2024-05-06,2024-05-18,20,111,137,35,363.07,0.1,Новий,Передоплата,Нова пошта
511,2024-08-10,2024-08-20,59,116,97,29,464.9,0.05,В обробці,Післяплата,Нова пошта
512,2024-06-24,2024-07-02,61,82,32,74,6045.72,0.09,В обробці,Часткова оплата,Доставка
513,2024-06-19,2024-06-25,26,23,93,77,3967.94,0.0,Новий,Передоплата,Нова пошта
514,2024-12-17,2024-12-18,75,105,150,34,3561.94,0.09,Новий,Часткова оплата,Доставка
515,2024-02-07,2024-02-18,44,14,149,16,6731.79,0.04,Завершено,Післяплата,Нова пошта
516,2023-05-17,2023-05-26,54,79,117,64,1037.85,0.15,В обробці,Післяплата,Нова пошта
517,2023-02-09,2023-02-17,42,68,27,92,6621.64,0.13,В обробці,Передоплата,Доставка
518,2024-09-16,2024-09-26,24,6,25,61,211.24,0.03,В обробці,Часткова оплата,Доставка
519,2024-10-07,2024-10-10,86,73,174,51,4727.55,0.04,Завершено,Часткова оплата,Доставка
520,2024-10-11,2024-10-22,94,68,26,82,1735.77,0.05,Новий,Післяплата,Нова пошта
521,2024-10-19,2024-11-02,8,97,182,10,3422.02,0.09,Завершено,Післяплата,Доставка
522,2023-10-04,2023-10-10,56,117,32,47,5607.53,0.06,Відвантажено,Післяплата,Доставка
523,2024-06-05,2024-06-14,40,56,119,84,4283.42,0.03,Відвантажено,Передоплата,Доставка
524,2024-08-17,2024-08-26,75,13,137,22,3561.94,0.05,Завершено,Часткова оплата,Нова пошта
525,2023-11-05,2023-11-06,14,106,37,95,3355.12,0.14,Завершено,Передоплата,Доставка
526,2024-04-18,2024-04-19,72,114,120,37,2939.22,0.13,Новий,Післяплата,Нова пошта
527,2024-10-02,2024-10-06,61,60,138,13,6045.72,0.06,Новий,Передоплата,Нова пошта
528,2024-03-30,2024-04-11,76,94,26,33,5996.98,0.09,Відвантажено,Післяплата,Нова пошта
529,2023-10-18,2023-10-25,70,90,37,99,1945.31,0.14,Відвантажено,Передоплата,Нова пошта
530,2024-02-04,2024-02-14,28,147,115,100,3129.85,0.15,В обробці,Післяплата,Самовивіз
531,2024-09-08,2024-09-14,41,21,41,73,401.07,0.15,Відвантажено,Післяплата,Нова пошта
532,2023-04-30,2023-05-11,23,106,149,30,7089.0,0.01,Завершено,Післяплата,Доставка
533,2023-05-26,2023-05-29,5,66,180,24,6141.12,0.11,Завершено,Передоплата,Нова пошта
534,2024-09-23,2024-10-01,90,106,168,49,3644.77,0.13,Відвантажено,Післяплата,Самовивіз
535,2023-06-22,2023-06-30,79,94,180,90,6232.36,0.07,Завершено,Післяплата,Доставка
536,2024-09-06,2024-09-13,9,98,32,77,5099.65,0.05,Новий,Післяплата,Доставка
537,2024-11-26,2024-12-04,72,86,115,45,2939.22,0.01,Завершено,Передоплата,Самовивіз
538,2023-01-02,2023-01-15,14,22,26,26,3355.12,0.07,Новий,Часткова оплата,Самовивіз
539,2024-03-31,2024-04-12,49,89,26,95,639.22,0.03,Новий,Післяплата,Самовивіз
540,2024-09-03,2024-09-15,69,31,163,27,6123.56,0.08,Новий,Післяплата,Доставка
541,2024-07-20,2024-07-26,96,139,170,24,4096.05,0.12,Новий,Часткова оплата,Доставка
542,2024-11-14,2024-11-28,98,96,5,25,1279.42,0.12,Новий,Часткова оплата,Доставка
543,2024-08-21,2024-08-26,29,37,93,10,317.1,0.06,В обробці,Післяплата,Доставка
544,2023-02-10,2023-02-16,40,43,163,20,4283.42,0.03,В обробці,Передоплата,Самовивіз
545,2023-08-01,2023-08-13,36,147,26,4,2442.55,0.13,Відвантажено,Передоплата,Нова пошта
546,2024-01-23,2024-02-05,70,116,174,36,1945.31,0.01,Завершено,Часткова оплата,Доставка
547,2023-11-06,2023-11-17,51,65,168,77,511.51,0.06,Новий,Часткова оплата,Самовивіз
548,2023-08-09,2023-08-10,75,61,119,77,3561.94,0.06,Завершено,Часткова оплата,Самовивіз
549,2023-08-03,2023-08-07,29,112,115,44,317.1,0.13,В обробці,Післяплата,Нова пошта
550,2024-11-08,2024-11-11,16,104,37,54,5647.09,0.08,Відвантажено,Часткова оплата,Доставка
551,2024-03-23,2024-03-29,28,127,93,89,3129.85,0.12,Новий,Передоплата,Нова пошта
552,2024-10-16,2024-10-17,84,108,42,11,3643.87,0.03,Завершено,Часткова оплата,Нова пошта
553,2024-09-06,2024-09-19,98,65,137,9,1279.42,0.11,Новий,Часткова оплата,Доставка
554,2023-10-25,2023-11-04,96,15,170,34,4096.05,0.02,Завершено,Післяплата,Доставка
555,2024-07-25,2024-08-05,17,87,170,75,6825.2,0.14,Відвантажено,Передоплата,Нова пошта
556,2023-03-10,2023-03-13,59,54,27,98,464.9,0.03,Завершено,Передоплата,Самовивіз
557,2024-12-03,2024-12-10,13,94,117,66,1425.51,0.09,Новий,Часткова оплата,Нова пошта
558,2024-03-04,2024-03-14,61,92,117,100,6045.72,0.04,Завершено,Часткова оплата,Самовивіз
559,2023-11-09,2023-11-11,90,57,56,40,3644.77,0.06,Відвантажено,Передоплата,Нова пошта
560,2023-08-01,2023-08-12,8,46,119,36,3422.02,0.07,В обробці,Післяплата,Самовивіз
561,2023-12-18,2023-12-30,6,97,41,79,3045.58,0.07,Відвантажено,Часткова оплата,Доставка
562,2023-04-09,2023-04-13,77,143,26,7,2594.07,0.05,Відвантажено,Часткова оплата,Доставка
563,2023-07-20,2023-07-25,71,56,182,26,1747.23,0.13,Завершено,Часткова оплата,Доставка
564,2024-05-03,2024-05-11,85,112,138,29,7401.68,0.06,Новий,Післяплата,Самовивіз
565,2023-01-08,2023-01-15,13,116,115,57,1425.51,0.02,Новий,Післяплата,Самовивіз
566,2024-08-19,2024-08-20,91,59,56,99,5551.49,0.15,Відвантажено,Післяплата,Доставка
567,2023-07-22,2023-08-03,99,57,168,25,5777.78,0.11,Новий,Післяплата,Самовивіз
568,2024-11-23,2024-12-03,17,21,13,99,6825.2,0.11,В обробці,Передоплата,Самовивіз
569,2023-07-18,2023-07-25,14,43,170,94,3355.12,0.03,Завершено,Післяплата,Самовивіз
570,2023-09-16,2023-09-19,36,54,32,99,2442.55,0.09,В обробці,Часткова оплата,Доставка
571,2024-03-28,2024-04-10,9,48,150,21,5099.65,0.12,В обробці,Передоплата,Самовивіз
572,2024-03-19,2024-04-02,37,16,37,26,1896.22,0.11,В обробці,Післяплата,Нова пошта
573,2023-06-10,2023-06-23,16,121,56,33,5647.09,0.01,Завершено,Часткова оплата,Доставка
574,2024-01-27,2024-02-06,92,84,81,71,420.84,0.01,Відвантажено,Післяплата,Нова пошта
575,2023-05-06,2023-05-14,58,58,182,69,4377.0,0.13,Завершено,Передоплата,Нова пошта
576,2023-11-23,2023-11-28,42,54,120,1,6621.64,0.09,Завершено,Передоплата,Нова пошта
577,2024-05-01,2024-05-02,81,28,13,81,1185.68,0.08,Новий,Передоплата,Самовивіз
578,2023-05-17,2023-05-28,5,94,137,60,6141.12,0.09,В обробці,Післяплата,Доставка
579,2023-06-20,2023-06-23,86,8,23,16,4727.55,0.11,Відвантажено,Часткова оплата,Самовивіз
580,2023-11-07,2023-11-15,54,60,42,53,1037.85,0.1,Завершено,Післяплата,Нова пошта
581,2023-06-12,2023-06-26,37,87,115,16,1896.22,0.14,Відвантажено,Передоплата,Нова пошта
582,2024-05-21,2024-05-25,34,147,93,44,6605.19,0.02,Новий,Післяплата,Доставка
583,2024-09-14,2024-09-20,51,129,117,32,511.51,0.09,Відвантажено,Післяплата,Доставка
584,2023-03-25,2023-03-26,52,12,36,55,3088.92,0.12,Новий,Часткова оплата,Нова пошта
585,2023-12-17,2023-12-29,30,19,42,24,5015.8,0.06,Новий,Передоплата,Доставка
586,2024-11-17,2024-11-22,65,51,191,99,5129.5,0.09,Завершено,Передоплата,Самовивіз
587,2023-06-03,2023-06-04,95,37,25,88,1319.74,0.12,Відвантажено,Часткова оплата,Нова пошта
588,2023-02-07,2023-02-19,13,45,180,5,1425.51,0.12,Завершено,Післяплата,Самовивіз
589,2024-11-30,2024-12-07,15,140,137,41,1888.18,0.01,В обробці,Передоплата,Доставка
590,2023-11-07,2023-11-13,32,25,175,2,7390.74,0.12,Завершено,Передоплата,Самовивіз
591,2024-02-17,2024-02-28,8,105,117,67,3422.02,0.08,В обробці,Передоплата,Нова пошта
592,2024-06-27,2024-07-01,24,107,93,64,211.24,0.14,В обробці,Часткова оплата,Доставка
593,2024-04-10,2024-04-23,15,39,119,37,1888.18,0.09,Відвантажено,Передоплата,Самовивіз
594,2023-04-04,2023-04-08,51,86,120,32,511.51,0.1,Новий,Післяплата,Самовивіз
595,2023-08-12,2023-08-23,40,63,170,99,4283.42,0.13,В обробці,Післяплата,Самовивіз
596,2024-01-04,2024-01-06,28,107,120,66,3129.85,0.11,Відвантажено,Часткова оплата,Доставка
597,2023-08-16,2023-08-24,25,120,120,21,667.98,0.01,В обробці,Післяплата,Нова пошта
598,2024-04-18,2024-04-28,96,52,168,63,4096.05,0.09,Новий,Післяплата,Самовивіз
599,2023-12-03,2023-12-05,91,48,180,88,5551.49,0.05,В обробці,Передоплата,Самовивіз
600,2023-03-19,2023-03-30,86,118,175,41,4727.55,0.01,Завершено,Часткова оплата,Нова пошта
601,2023-10-16,2023-10-26,33,120,117,79,6007.8,0.1,Завершено,Часткова оплата,Нова пошта
602,2024-07-31,2024-08-05,51,100,26,59,511.51,0.13,Відвантажено,Часткова оплата,Доставка
603,2024-09-19,2024-09-20,49,55,182,93,639.22,0.07,В обробці,Передоплата,Самовивіз
604,2023-11-08,2023-11-10,41,66,115,32,401.07,0.14,Новий,Передоплата,Самовивіз
605,2023-10-01,2023-10-07,32,27,170,31,7390.74,0.02,Відвантажено,Часткова оплата,Самовивіз
606,2024-07-02,2024-07-15,26,85,174,1,3967.94,0.07,Відвантажено,Передоплата,Самовивіз
607,2023-08-09,2023-08-13,18,126,168,96,5135.95,0.12,Відвантажено,Післяплата,Доставка
608,2024-10-24,2024-10-27,95,107,13,23,1319.74,0.05,В обробці,Післяплата,Доставка
609,2023-07-23,2023-08-03,20,58,137,59,363.07,0.09,Завершено,Післяплата,Нова пошта
610,2024-01-01,2024-01-05,3,55,93,63,5787.62,0.12,Завершено,Часткова оплата,Нова пошта
611,2024-06-26,2024-07-01,86,112,27,40,4727.55,0.04,Відвантажено,Часткова оплата,Нова пошта
612,2023-05-08,2023-05-14,20,30,168,33,363.07,0.08,Новий,Післяплата,Нова пошта
613,2024-04-22,2024-05-04,99,128,120,8,5777.78,0.04,Новий,Передоплата,Самовивіз
614,2023-04-27,2023-05-05,99,146,117,17,5777.78,0.13,Відвантажено,Післяплата,Доставка
615,2023-11-26,2023-11-29,84,109,81,100,3643.87,0.02,Відвантажено,Часткова оплата,Нова пошта
616,2023-08-04,2023-08-14,33,68,13,12,6007.8,0.07,Завершено,Післяплата,Самовивіз
617,2023-09-30,2023-10-11,86,149,191,89,4727.55,0.02,Завершено,Передоплата,Доставка
618,2024-01-21,2024-01-28,79,53,23,77,6232.36,0.12,В обробці,Післяплата,Самовивіз
619,2024-04-29,2024-05-13,34,118,170,73,6605.19,0.01,Відвантажено,Часткова оплата,Нова пошта
620,2023-07-01,2023-07-15,68,149,26,61,5493.44,0.11,Новий,Передоплата,Самовивіз
621,2024-02-19,2024-02-22,20,128,119,3,363.07,0.13,В обробці,Передоплата,Нова пошта
622,2024-09-07,2024-09-17,25,127,168,43,667.98,0.12,Новий,Передоплата,Нова пошта
623,2024-01-28,2024-02-08,24,41,26,56,211.24,0.03,Відвантажено,Передоплата,Нова пошта
624,2024-09-11,2024-09-13,92,112,117,15,420.84,0.1,Новий,Післяплата,Нова пошта
625,2023-12-02,2023-12-16,84,68,180,29,3643.87,0.01,Новий,Передоплата,Доставка
626,2024-06-03,2024-06-08,95,64,25,88,1319.74,0.03,В обробці,Передоплата,Доставка
627,2023-11-03,2023-11-07,54,84,81,8,1037.85,0.11,Відвантажено,Передоплата,Доставка
628,2024-06-07,2024-06-11,76,125,26,47,5996.98,0.06,В обробці,Часткова оплата,Самовивіз
629,2024-08-25,2024-08-28,17,130,42,77,6825.2,0.08,Новий,Часткова оплата,Доставка
630,2024-11-01,2024-11-08,52,5,174,52,3088.92,0.02,Завершено,Передоплата,Нова пошта
631,2023-07-20,2023-08-03,33,65,27,12,6007.8,0.05,Завершено,Часткова оплата,Самовивіз
632,2023-08-25,2023-09-05,52,44,13,5,3088.92,0.06,Новий,Часткова оплата,Самовивіз
633,2023-07-14,2023-07-16,18,127,89,2,5135.95,0.12,Новий,Часткова оплата,Самовивіз
634,2024-04-11,2024-04-17,73,13,25,92,4656.43,0.05,Завершено,Часткова оплата,Самовивіз
635,2024-04-13,2024-04-20,18,118,81,92,5135.95,0.04,Відвантажено,Часткова оплата,Нова пошта
636,2024-03-04,2024-03-17,61,67,23,72,6045.72,0.12,Відвантажено,Часткова оплата,Нова пошта
637,2023-04-30,2023-05-03,75,55,26,76,3561.94,0.12,Завершено,Часткова оплата,Нова пошта
638,2024-03-08,2024-03-12,84,112,170,57,3643.87,0.02,В обробці,Часткова оплата,Самовивіз
639,2024-07-21,2024-08-04,76,24,97,18,5996.98,0.12,Новий,Передоплата,Нова пошта
640,2024-12-26,2025-01-08,91,108,150,65,5551.49,0.14,Новий,Передоплата,Нова пошта
641,2023-10-09,2023-10-22,28,62,174,80,3129.85,0.02,Новий,Часткова оплата,Доставка
642,2023-12-18,2023-12-19,92,56,41,81,420.84,0.15,Новий,Передоплата,Самовивіз
643,2023-02-18,2023-03-03,84,88,42,6,3643.87,0.07,Новий,Передоплата,Доставка
644,2024-04-29,2024-05-06,9,112,163,40,5099.65,0.03,Відвантажено,Передоплата,Нова пошта
645,2024-10-28,2024-11-06,44,139,191,12,6731.79,0.06,В обробці,Передоплата,Доставка
646,2024-01-02,2024-01-07,96,111,170,93,4096.05,0.11,Відвантажено,Передоплата,Нова пошта
647,2023-11-04,2023-11-09,13,4,26,88,1425.51,0.03,Завершено,Передоплата,Самовивіз
648,2024-12-22,2025-01-05,37,125,25,10,1896.22,0.1,В обробці,Часткова оплата,Доставка
649,2024-09-30,2024-10-03,32,96,174,22,7390.74,0.11,Новий,Післяплата,Нова пошта
650,2024-06-20,2024-06-21,100,117,36,42,2465.28,0.09,В обробці,Часткова оплата,Самовивіз
651,2023-04-08,2023-04-12,20,114,97,84,363.07,0.15,Відвантажено,Післяплата,Самовивіз
652,2023-09-02,2023-09-13,71,24,174,64,1747.23,0.14,Відвантажено,Передоплата,Самовивіз
653,2023-01-06,2023-01-08,5,119,5,66,6141.12,0.09,Відвантажено,Часткова оплата,Самовивіз
654,2023-09-16,2023-09-26,100,39,81,90,2465.28,0.11,Завершено,Часткова оплата,Доставка
655,2023-03-31,2023-04-08,6,119,163,15,3045.58,0.05,Завершено,Післяплата,Самовивіз
656,2024-08-05,2024-08-07,14,76,163,44,3355.12,0.03,Завершено,Часткова оплата,Доставка
657,2023-12-16,2023-12-27,98,21,163,10,1279.42,0.08,Відвантажено,Післяплата,Самовивіз
658,2023-02-27,2023-03-11,68,148,191,10,5493.44,0.03,Завершено,Післяплата,Самовивіз
659,2024-11-29,2024-11-30,51,8,150,35,511.51,0.05,Новий,Передоплата,Доставка
660,2024-12-19,2025-01-01,92,136,174,11,420.84,0.01,Новий,Післяплата,Доставка
661,2023-08-05,2023-08-19,26,52,13,56,3967.94,0.15,Відвантажено,Передоплата,Нова пошта
662,2024-08-08,2024-08-14,82,79,13,100,6991.9,0.04,Відвантажено,Післяплата,Самовивіз
663,2023-09-13,2023-09-26,14,101,175,86,3355.12,0.02,Новий,Післяплата,Самовивіз
664,2023-03-03,2023-03-07,20,72,27,22,363.07,0.06,Новий,Часткова оплата,Самовивіз
665,2023-02-14,2023-02-16,26,107,137,89,3967.94,0.14,Відвантажено,Післяплата,Самовивіз
666,2024-07-18,2024-07-29,95,126,163,82,1319.74,0.11,Завершено,Часткова оплата,Доставка
667,2024-05-13,2024-05-17,5,41,150,13,6141.12,0.08,Відвантажено,Передоплата,Самовивіз
668,2024-10-08,2024-10-09,76,96,163,10,5996.98,0.09,Відвантажено,Післяплата,Доставка
669,2024-09-13,2024-09-15,76,30,42,9,5996.98,0.04,Новий,Часткова оплата,Нова пошта
670,2023-07-31,2023-08-14,96,45,150,55,4096.05,0.12,Відвантажено,Часткова оплата,Доставка
671,2023-07-09,2023-07-18,32,30,36,81,7390.74,0.1,В обробці,Часткова оплата,Нова пошта
672,2023-04-22,2023-05-04,52,111,81,48,3088.92,0.13,В обробці,Передоплата,Нова пошта
673,2024-10-18,2024-10-28,95,57,182,77,1319.74,0.07,Новий,Післяплата,Доставка
674,2024-09-24,2024-09-30,98,130,32,6,1279.42,0.03,Завершено,Часткова оплата,Нова пошта
675,2023-08-24,2023-08-29,9,111,182,62,5099.65,0.12,Новий,Передоплата,Нова пошта
676,2023-08-10,2023-08-15,69,106,170,94,6123.56,0.05,Новий,Післяплата,Самовивіз
677,2023-08-24,2023-08-30,9,69,25,90,5099.65,0.04,Новий,Часткова оплата,Самовивіз
678,2024-06-25,2024-07-06,41,129,81,36,401.07,0.15,В обробці,Післяплата,Доставка
679,2023-10-14,2023-10-26,32,52,23,77,7390.74,0.14,В обробці,Післяплата,Нова пошта
680,2024-09-14,2024-09-27,82,67,25,66,6991.9,0.12,Відвантажено,Післяплата,Нова пошта
681,2024-08-08,2024-08-21,69,111,27,88,6123.56,0.12,Новий,Передоплата,Самовивіз
682,2024-01-27,2024-02-08,29,75,191,14,317.1,0.14,Відвантажено,Передоплата,Нова пошта
683,2024-05-25,2024-06-06,79,24,56,23,6232.36,0.11,Відвантажено,Післяплата,Нова пошта
684,2024-12-19,2024-12-29,72,73,41,24,2939.22,0.01,Завершено,Післяплата,Нова пошта
685,2024-05-16,2024-05-27,8,115,32,46,3422.02,0.07,Завершено,Часткова оплата,Доставка
686,2023-05-23,2023-06-01,69,84,149,72,6123.56,0.08,В обробці,Післяплата,Нова пошта
687,2024-09-08,2024-09-17,34,32,93,33,6605.19,0.06,В обробці,Післяплата,Доставка
688,2024-02-06,2024-02-08,99,83,36,35,5777.78,0.07,В обробці,Часткова оплата,Нова пошта
689,2023-12-06,2023-12-15,13,94,81,98,1425.51,0.04,Новий,Часткова оплата,Нова пошта
690,2024-04-25,2024-05-09,94,64,191,35,1735.77,0.07,Новий,Передоплата,Самовивіз
691,2023-04-02,2023-04-07,90,19,180,95,3644.77,0.07,Відвантажено,Часткова оплата,Нова пошта
692,2024-08-25,2024-08-27,62,136,174,20,6658.79,0.08,Завершено,Післяплата,Самовивіз
693,2024-02-09,2024-02-23,54,35,137,6,1037.85,0.11,В обробці,Післяплата,Доставка
694,2024-10-16,2024-10-29,56,32,174,83,5607.53,0.02,В обробці,Передоплата,Доставка
695,2024-02-17,2024-02-29,32,27,81,9,7390.74,0.13,Відвантажено,Передоплата,Самовивіз
696,2024-10-21,2024-10-24,14,117,13,75,3355.12,0.15,Завершено,Передоплата,Доставка
697,2023-11-22,2023-11-23,97,126,117,41,7175.9,0.04,Завершено,Часткова оплата,Доставка
698,2023-11-28,2023-12-02,24,98,93,66,211.24,0.1,Новий,Післяплата,Доставка
699,2024-06-25,2024-07-06,46,127,191,31,5825.75,0.07,Новий,Часткова оплата,Нова пошта
700,2023-04-10,2023-04-17,98,126,170,63,1279.42,0.05,В обробці,Передоплата,Нова пошта
701,2024-01-14,2024-01-28,75,77,138,78,3561.94,0.14,Відвантажено,Часткова оплата,Нова пошта
702,2024-11-30,2024-12-08,79,132,137,20,6232.36,0.05,Новий,Часткова оплата,Нова пошта
703,2023-09-04,2023-09-18,76,117,168,29,5996.98,0.08,Відвантажено,Передоплата,Самовивіз
704,2024-08-09,2024-08-15,75,119,56,31,3561.94,0.03,Відвантажено,Передоплата,Самовивіз
705,2024-08-23,2024-08-24,37,73,41,4,1896.22,0.07,Завершено,Часткова оплата,Самовивіз
706,2023-02-22,2023-03-05,11,86,41,65,5106.5,0.04,Відвантажено,Часткова оплата,Нова пошта
707,2023-01-05,2023-01-11,75,48,168,63,3561.94,0.07,Відвантажено,Часткова оплата,Самовивіз
708,2024-04-06,2024-04-09,68,24,174,26,5493.44,0.1,В обробці,Післяплата,Самовивіз
709,2023-11-05,2023-11-13,75,83,175,67,3561.94,0.14,Відвантажено,Часткова оплата,Доставка
710,2024-05-21,2024-06-02,90,109,5,39,3644.77,0.03,Новий,Післяплата,Самовивіз
711,2024-10-30,2024-10-31,94,51,168,45,1735.77,0.12,Новий,Післяплата,Нова пошта
712,2024-01-27,2024-02-06,24,79,37,88,211.24,0.03,Відвантажено,Часткова оплата,Самовивіз
713,2024-11-18,2024-11-23,13,18,13,98,1425.51,0.09,В обробці,Передоплата,Самовивіз
714,2023-04-10,2023-04-15,34,12,36,61,6605.19,0.06,Новий,Післяплата,Самовивіз
715,2024-03-17,2024-03-29,33,140,138,24,6007.8,0.0,Завершено,Передоплата,Доставка
716,2024-12-29,2025-01-01,32,9,137,12,7390.74,0.06,Відвантажено,Передоплата,Нова пошта
717,2024-04-19,2024-04-20,70,146,13,4,1945.31,0.02,Відвантажено,Часткова оплата,Самовивіз
718,2023-07-06,2023-07-19,90,32,170,66,3644.77,0.05,В обробці,Часткова оплата,Нова пошта
719,2023-01-20,2023-01-25,97,98,81,97,7175.9,0.11,Завершено,Післяплата,Самовивіз
720,2024-08-17,2024-08-20,51,14,93,34,511.51,0.13,В обробці,Післяплата,Самовивіз
721,2024-02-22,2024-03-04,46,71,175,92,5825.75,0.05,Завершено,Часткова оплата,Самовивіз
722,2024-10-28,2024-11-10,32,49,26,75,7390.74,0.0,В обробці,Післяплата,Нова пошта
723,2024-06-25,2024-07-09,56,67,32,18,5607.53,0.01,Відвантажено,Післяплата,Доставка
724,2024-01-12,2024-01-26,62,118,138,3,6658.79,0.09,Відвантажено,Післяплата,Нова пошта
725,2024-10-30,2024-10-31,90,22,168,85,3644.77,0.09,Відвантажено,Часткова оплата,Самовивіз
726,2023-10-11,2023-10-22,24,122,32,21,211.24,0.05,Відвантажено,Передоплата,Нова пошта
727,2024-05-06,2024-05-10,8,118,32,85,3422.02,0.02,В обробці,Передоплата,Нова пошта
728,2024-08-13,2024-08-17,80,92,81,21,3828.48,0.13,Відвантажено,Передоплата,Самовивіз
729,2024-03-08,2024-03-09,18,71,168,2,5135.95,0.06,Завершено,Часткова оплата,Доставка
730,2024-07-24,2024-08-07,71,140,13,94,1747.23,0.02,Завершено,Передоплата,Самовивіз
731,2023-08-19,2023-08-23,20,39,120,19,363.07,0.14,Новий,Часткова оплата,Доставка
732,2024-11-03,2024-11-04,32,53,174,53,7390.74,0.06,Завершено,Післяплата,Доставка
733,2024-04-03,2024-04-14,94,48,37,15,1735.77,0.09,Новий,Післяплата,Самовивіз
734,2023-10-29,2023-11-04,69,58,5,55,6123.56,0.01,Відвантажено,Післяплата,Доставка
735,2024-11-16,2024-11-29,98,20,37,4,1279.42,0.14,Новий,Часткова оплата,Доставка
736,2023-02-21,2023-03-01,49,2,56,57,639.22,0.09,Відвантажено,Передоплата,Самовивіз
737,2023-05-06,2023-05-15,34,126,32,96,6605.19,0.06,Новий,Передоплата,Нова пошта
738,2023-06-23,2023-06-26,44,9,23,12,6731.79,0.07,В обробці,Часткова оплата,Доставка
739,2024-03-30,2024-04-11,8,100,175,23,3422.02,0.04,В обробці,Післяплата,Доставка
740,2023-07-22,2023-07-26,86,127,13,42,4727.55,0.11,В обробці,Післяплата,Доставка
741,2023-08-13,2023-08-17,69,78,27,37,6123.56,0.07,Новий,Післяплата,Нова пошта
742,2024-10-08,2024-10-09,92,17,89,7,420.84,0.1,Новий,Передоплата,Нова пошта
743,2023-07-25,2023-07-29,54,136,81,85,1037.85,0.11,Відвантажено,Післяплата,Самовивіз
744,2024-03-12,2024-03-19,79,52,115,1,6232.36,0.04,Завершено,Часткова оплата,Нова пошта
745,2023-12-01,2023-12-11,31,108,182,73,1091.11,0.04,Новий,Післяплата,Нова пошта
746,2023-06-27,2023-07-03,37,64,120,79,1896.22,0.14,Завершено,Післяплата,Доставка
747,2023-12-29,2024-01-07,40,12,42,65,4283.42,0.07,Новий,Часткова оплата,Самовивіз
748,2023-12-22,2023-12-24,52,75,5,55,3088.92,0.09,Новий,Часткова оплата,Самовивіз
749,2024-05-21,2024-06-04,25,109,36,39,667.98,0.14,В обробці,Часткова оплата,Самовивіз
750,2024-09-14,2024-09-21,41,65,175,92,401.07,0.04,Відвантажено,Часткова оплата,Нова пошта
751,2024-02-04,2024-02-11,49,21,56,66,639.22,0.12,В обробці,Післяплата,Самовивіз
752,2023-12-19,2024-01-02,16,105,120,29,5647.09,0.08,Відвантажено,Післяплата,Самовивіз
753,2023-03-09,2023-03-16,29,121,89,87,317.1,0.09,Новий,Післяплата,Доставка
754,2023-04-20,2023-05-04,14,98,26,74,3355.12,0.12,Завершено,Часткова оплата,Самовивіз
755,2023-06-10,2023-06-15,32,127,42,66,7390.74,0.06,Новий,Післяплата,Нова пошта
756,2023-03-09,2023-03-13,61,19,149,84,6045.72,0.08,Завершено,Передоплата,Доставка
757,2024-05-29,2024-06-08,24,60,27,77,211.24,0.01,Новий,Передоплата,Самовивіз
758,2023-03-14,2023-03-17,41,132,191,22,401.07,0.01,В обробці,Часткова оплата,Самовивіз
759,2024-05-26,2024-06-05,36,69,117,58,2442.55,0.02,Новий,Часткова оплата,Нова пошта
760,2024-11-02,2024-11-08,65,11,182,51,5129.5,0.08,Завершено,Часткова оплата,Нова пошта
761,2024-03-04,2024-03-16,54,63,5,77,1037.85,0.09,Новий,Часткова оплата,Доставка
762,2023-11-07,2023-11-13,85,21,25,41,7401.68,0.01,Завершено,Передоплата,Нова пошта
763,2023-03-05,2023-03-12,54,11,138,35,1037.85,0.03,В обробці,Часткова оплата,Нова пошта
764,2023-11-15,2023-11-23,16,40,168,76,5647.09,0.13,В обробці,Часткова оплата,Нова пошта
765,2024-05-04,2024-05-05,5,112,13,30,6141.12,0.1,Відвантажено,Передоплата,Самовивіз
766,2023-02-10,2023-02-16,59,22,168,84,464.9,0.03,Новий,Часткова оплата,Нова пошта
767,2024-11-17,2024-11-23,79,115,23,99,6232.36,0.01,Відвантажено,Післяплата,Доставка
768,2024-10-27,2024-11-01,76,18,182,78,5996.98,0.06,Завершено,Часткова оплата,Доставка
769,2023-09-09,2023-09-15,94,6,41,51,1735.77,0.09,Завершено,Післяплата,Самовивіз
770,2023-08-25,2023-08-30,61,39,56,12,6045.72,0.08,Завершено,Часткова оплата,Самовивіз
771,2023-11-08,2023-11-14,80,82,36,91,3828.48,0.15,Завершено,Часткова оплата,Доставка
772,2024-02-07,2024-02-08,14,148,37,99,3355.12,0.01,В обробці,Часткова оплата,Доставка
773,2023-03-12,2023-03-13,8,112,32,89,3422.02,0.08,Новий,Післяплата,Доставка
774,2023-10-05,2023-10-17,9,14,97,82,5099.65,0.03,Відвантажено,Передоплата,Нова пошта
775,2023-08-07,2023-08-14,26,19,149,22,3967.94,0.07,В обробці,Часткова оплата,Самовивіз
776,2024-10-18,2024-10-21,23,12,81,83,7089.0,0.06,Відвантажено,Часткова оплата,Нова пошта
777,2024-01-25,2024-02-03,91,10,97,55,5551.49,0.14,Завершено,Післяплата,Доставка
778,2023-04-18,2023-04-20,76,100,23,65,5996.98,0.04,В обробці,Часткова оплата,Доставка
779,2023-12-29,2024-01-01,73,136,41,12,4656.43,0.08,Завершено,Часткова оплата,Доставка
780,2023-04-16,2023-04-19,75,102,41,88,3561.94,0.14,В обробці,Часткова оплата,Доставка
781,2024-07-12,2024-07-21,61,99,13,14,6045.72,0.08,Відвантажено,Передоплата,Нова пошта
782,2023-12-02,2023-12-12,23,18,175,77,7089.0,0.09,В обробці,Передоплата,Нова пошта
783,2024-11-23,2024-12-04,68,43,163,35,5493.44,0.07,Новий,Післяплата,Самовивіз
784,2023-06-18,2023-07-02,44,112,81,23,6731.79,0.03,Завершено,Часткова оплата,Самовивіз
785,2023-08-05,2023-08-07,81,77,168,69,1185.68,0.12,В обробці,Часткова оплата,Доставка
786,2024-05-19,2024-05-31,11,130,93,16,5106.5,0.02,Завершено,Післяплата,Нова пошта
787,2024-07-04,2024-07-07,40,21,149,74,4283.42,0.02,В обробці,Передоплата,Доставка
788,2023-10-08,2023-10-17,56,127,97,15,5607.53,0.05,Відвантажено,Часткова оплата,Самовивіз
789,2024-05-22,2024-05-28,9,119,41,78,5099.65,0.05,Відвантажено,Часткова оплата,Доставка
790,2023-06-07,2023-06-11,52,46,150,27,3088.92,0.14,Відвантажено,Передоплата,Самовивіз
791,2024-06-07,2024-06-19,99,61,174,42,5777.78,0.08,В обробці,Післяплата,Нова пошта
792,2023-02-09,2023-02-12,6,126,120,81,3045.58,0.12,Завершено,Післяплата,Самовивіз
793,2023-06-14,2023-06-27,80,128,137,71,3828.48,0.12,В обробці,Післяплата,Нова пошта
794,2023-09-07,2023-09-15,18,61,117,61,5135.95,0.01,Новий,Часткова оплата,Нова пошта
795,2024-10-11,2024-10-16,51,104,81,94,511.51,0.09,В обробці,Часткова оплата,Доставка
796,2024-04-14,2024-04-19,66,125,5,34,2887.08,0.04,Відвантажено,Післяплата,Нова пошта
797,2024-03-13,2024-03-23,73,98,37,6,4656.43,0.07,Відвантажено,Передоплата,Нова пошта
798,2024-11-03,2024-11-08,82,90,180,11,6991.9,0.04,Новий,Післяплата,Самовивіз
799,2023-06-05,2023-06-10,25,46,138,57,667.98,0.07,Відвантажено,Післяплата,Самовивіз
800,2024-03-24,2024-04-01,16,10,23,22,5647.09,0.01,Завершено,Післяплата,Самовивіз
801,2024-03-13,2024-03-18,77,127,36,93,2594.07,0.07,В обробці,Передоплата,Доставка
802,2024-07-06,2024-07-10,9,85,89,48,5099.65,0.14,Завершено,Післяплата,Доставка
803,2023-04-02,2023-04-07,84,49,149,50,3643.87,0.09,В обробці,Часткова оплата,Доставка
804,2023-10-07,2023-10-14,26,53,37,10,3967.94,0.12,Відвантажено,Передоплата,Самовивіз
805,2024-12-05,2024-12-19,77,15,25,38,2594.07,0.07,В обробці,Передоплата,Нова пошта
806,2023-03-18,2023-03-23,86,96,174,34,4727.55,0.02,Новий,Передоплата,Доставка
807,2024-06-20,2024-06-27,40,68,115,92,4283.42,0.08,Завершено,Післяплата,Доставка
808,2024-07-29,2024-08-11,59,56,5,88,464.9,0.04,Новий,Часткова оплата,Самовивіз
809,2024-09-15,2024-09-21,85,23,36,77,7401.68,0.07,В обробці,Часткова оплата,Нова пошта
810,2023-03-14,2023-03-25,69,48,41,4,6123.56,0.12,Відвантажено,Передоплата,Доставка
811,2023-06-10,2023-06-14,65,22,42,94,5129.5,0.13,В обробці,Часткова оплата,Самовивіз
812,2023-05-27,2023-05-29,58,56,168,66,4377.0,0.01,В обробці,Часткова оплата,Доставка
813,2024-06-12,2024-06-21,51,146,182,95,511.51,0.05,Відвантажено,Післяплата,Самовивіз
814,2023-03-31,2023-04-06,41,79,36,94,401.07,0.05,Завершено,Часткова оплата,Самовивіз
815,2024-11-22,2024-12-01,37,31,42,40,1896.22,0.05,Новий,Часткова оплата,Самовивіз
816,2023-04-08,2023-04-16,42,126,191,86,6621.64,0.13,Відвантажено,Часткова оплата,Нова пошта
817,2023-02-27,2023-03-05,71,136,23,89,1747.23,0.03,В обробці,Післяплата,Доставка
818,2024-01-03,2024-01-05,14,146,182,51,3355.12,0.09,Завершено,Часткова оплата,Доставка
819,2023-08-07,2023-08-20,92,117,41,44,420.84,0.11,Відвантажено,Часткова оплата,Доставка
820,2024-04-25,2024-04-29,13,12,25,39,1425.51,0.04,Відвантажено,Часткова оплата,Самовивіз
821,2024-04-11,2024-04-16,73,99,137,100,4656.43,0.05,Відвантажено,Післяплата,Нова пошта
822,2024-03-07,2024-03-08,18,36,137,61,5135.95,0.15,В обробці,Післяплата,Доставка
823,2023-07-14,2023-07-15,82,109,175,57,6991.9,0.05,Відвантажено,Передоплата,Нова пошта
824,2023-09-10,2023-09-22,77,128,42,97,2594.07,0.05,Новий,Часткова оплата,Нова пошта
825,2023-11-30,2023-12-07,58,38,37,86,4377.0,0.08,В обробці,Післяплата,Нова пошта
826,2023-03-11,2023-03-14,41,43,13,95,401.07,0.07,Відвантажено,Передоплата,Доставка
827,2024-12-06,2024-12-13,34,119,174,95,6605.19,0.06,Новий,Післяплата,Самовивіз
828,2023-05-31,2023-06-10,84,115,138,47,3643.87,0.01,Завершено,Часткова оплата,Доставка
829,2024-08-29,2024-09-01,59,16,41,1,464.9,0.04,Завершено,Часткова оплата,Самовивіз
830,2023-10-17,2023-10-31,84,28,117,55,3643.87,0.08,Новий,Передоплата,Самовивіз
831,2023-04-14,2023-04-28,54,99,117,8,1037.85,0.14,Новий,Часткова оплата,Самовивіз
832,2023-07-10,2023-07-15,25,65,89,30,667.98,0.06,Завершено,Післяплата,Доставка
833,2023-03-27,2023-03-29,14,57,13,77,3355.12,0.1,Новий,Післяплата,Нова пошта
834,2023-10-29,2023-11-03,90,72,191,6,3644.77,0.12,Новий,Післяплата,Доставка
835,2023-02-15,2023-02-19,76,69,175,95,5996.98,0.06,Завершено,Післяплата,Нова пошта
836,2023-05-18,2023-05-26,49,136,89,33,639.22,0.11,В обробці,Передоплата,Доставка
837,2023-10-13,2023-10-17,81,35,137,90,1185.68,0.13,В обробці,Післяплата,Самовивіз
838,2023-07-16,2023-07-28,54,114,168,49,1037.85,0.15,Завершено,Часткова оплата,Самовивіз
839,2024-01-29,2024-02-02,52,45,93,22,3088.92,0.12,Новий,Часткова оплата,Самовивіз
840,2023-01-15,2023-01-27,59,13,56,83,464.9,0.07,Завершено,Післяплата,Доставка
841,2024-03-28,2024-04-05,9,38,89,18,5099.65,0.01,Завершено,Післяплата,Доставка
842,2023-05-11,2023-05-19,91,90,115,58,5551.49,0.13,В обробці,Передоплата,Нова пошта
843,2024-04-07,2024-04-18,9,66,97,77,5099.65,0.07,Новий,Часткова оплата,Самовивіз
844,2024-05-18,2024-05-27,94,90,56,71,1735.77,0.05,Завершено,Післяплата,Нова пошта
845,2024-03-19,2024-03-26,76,115,191,72,5996.98,0.08,Завершено,Післяплата,Самовивіз
846,2024-11-11,2024-11-21,15,84,117,83,1888.18,0.03,Новий,Передоплата,Самовивіз
847,2024-12-13,2024-12-18,73,84,117,33,4656.43,0.11,Відвантажено,Передоплата,Самовивіз
848,2024-05-29,2024-06-05,80,31,23,6,3828.48,0.07,Завершено,Передоплата,Самовивіз
849,2024-12-20,2024-12-21,46,123,119,54,5825.75,0.03,Завершено,Передоплата,Самовивіз
850,2024-07-10,2024-07-15,56,64,89,63,5607.53,0.07,Новий,Часткова оплата,Доставка
851,2024-03-18,2024-03-29,75,19,42,78,3561.94,0.13,Відвантажено,Передоплата,Самовивіз
852,2024-01-12,2024-01-21,68,149,175,7,5493.44,0.1,В обробці,Часткова оплата,Доставка
853,2024-03-16,2024-03-26,24,13,120,84,211.24,0.05,Відвантажено,Передоплата,Доставка
854,2024-03-04,2024-03-12,9,59,97,56,5099.65,0.08,В обробці,Часткова оплата,Доставка
855,2023-02-24,2023-02-25,98,4,119,31,1279.42,0.07,Новий,Післяплата,Нова пошта
856,2023-02-04,2023-02-06,18,18,170,38,5135.95,0.01,В обробці,Післяплата,Доставка
857,2023-10-10,2023-10-17,54,32,120,64,1037.85,0.11,В обробці,Часткова оплата,Нова пошта
858,2024-04-03,2024-04-05,32,39,182,62,7390.74,0.06,В обробці,Післяплата,Доставка
859,2023-06-15,2023-06-17,81,104,26,49,1185.68,0.11,Завершено,Часткова оплата,Доставка
860,2024-07-06,2024-07-09,13,30,180,27,1425.51,0.08,В обробці,Післяплата,Доставка
861,2023-09-04,2023-09-12,6,96,41,50,3045.58,0.13,Новий,Післяплата,Нова пошта
862,2024-03-15,2024-03-27,33,101,32,74,6007.8,0.0,Відвантажено,Часткова оплата,Доставка
863,2023-04-03,2023-04-12,76,100,180,12,5996.98,0.02,В обробці,Післяплата,Самовивіз
864,2023-09-29,2023-10-11,8,59,180,16,3422.02,0.11,В обробці,Передоплата,Самовивіз
865,2023-03-22,2023-03-23,75,30,41,64,3561.94,0.11,Новий,Часткова оплата,Самовивіз
866,2023-11-21,2023-11-25,62,40,180,46,6658.79,0.01,Завершено,Передоплата,Самовивіз
867,2024-05-17,2024-05-24,70,21,150,62,1945.31,0.05,Завершено,Передоплата,Самовивіз
868,2023-06-22,2023-06-23,56,49,175,92,5607.53,0.08,Відвантажено,Часткова оплата,Нова пошта
869,2023-06-04,2023-06-14,84,92,175,92,3643.87,0.02,Відвантажено,Часткова оплата,Самовивіз
870,2023-10-01,2023-10-14,34,62,56,4,6605.19,0.14,Завершено,Передоплата,Нова пошта
871,2024-07-23,2024-08-04,90,57,97,24,3644.77,0.08,Новий,Часткова оплата,Самовивіз
872,2024-03-19,2024-03-30,23,53,120,96,7089.0,0.12,Відвантажено,Часткова оплата,Доставка
873,2023-06-06,2023-06-15,24,38,163,14,211.24,0.07,Завершено,Післяплата,Нова пошта
874,2024-10-11,2024-10-23,65,116,36,17,5129.5,0.12,Завершено,Часткова оплата,Самовивіз
875,2023-11-12,2023-11-17,3,96,163,22,5787.62,0.04,Новий,Передоплата,Самовивіз
876,2024-06-12,2024-06-14,77,39,25,10,2594.07,0.11,Відвантажено,Післяплата,Самовивіз
877,2024-07-18,2024-07-28,98,122,149,56,1279.42,0.15,Новий,Післяплата,Нова пошта
878,2023-04-28,2023-05-01,29,116,175,92,317.1,0.05,Завершено,Післяплата,Самовивіз
879,2024-02-13,2024-02-24,76,54,137,68,5996.98,0.12,В обробці,Післяплата,Самовивіз
880,2024-01-27,2024-02-01,24,35,5,100,211.24,0.11,Відвантажено,Часткова оплата,Доставка
881,2023-07-13,2023-07-21,76,87,97,88,5996.98,0.08,В обробці,Післяплата,Самовивіз
882,2023-12-21,2023-12-28,8,112,137,63,3422.02,0.13,В обробці,Часткова оплата,Самовивіз
883,2024-12-23,2024-12-30,46,2,170,27,5825.75,0.07,Відвантажено,Післяплата,Самовивіз
884,2024-03-10,2024-03-11,99,33,117,16,5777.78,0.02,Завершено,Післяплата,Нова пошта
885,2024-02-19,2024-03-03,28,117,23,68,3129.85,0.0,Завершено,Передоплата,Самовивіз
886,2023-01-27,2023-02-09,69,59,117,59,6123.56,0.08,В обробці,Післяплата,Самовивіз
887,2023-05-29,2023-06-03,14,36,119,38,3355.12,0.13,Завершено,Передоплата,Самовивіз
888,2023-03-17,2023-03-21,73,14,89,79,4656.43,0.01,Завершено,Післяплата,Нова пошта
889,2023-04-25,2023-05-08,34,130,170,93,6605.19,0.13,Завершено,Передоплата,Нова пошта
890,2023-07-22,2023-08-05,69,136,120,82,6123.56,0.04,Завершено,Часткова оплата,Нова пошта
891,2023-08-23,2023-08-28,5,115,120,93,6141.12,0.01,Завершено,Післяплата,Нова пошта
892,2024-04-06,2024-04-08,85,97,13,5,7401.68,0.1,Відвантажено,Часткова оплата,Самовивіз
893,2024-08-14,2024-08-24,72,41,138,52,2939.22,0.02,Завершено,Передоплата,Доставка
894,2023-01-03,2023-01-08,6,71,120,69,3045.58,0.07,Завершено,Часткова оплата,Доставка
895,2023-04-13,2023-04-21,99,19,56,37,5777.78,0.06,Новий,Передоплата,Нова пошта
896,2023-10-03,2023-10-14,99,85,41,7,5777.78,0.15,Завершено,Передоплата,Самовивіз
897,2023-10-24,2023-11-02,59,5,137,37,464.9,0.01,Завершено,Часткова оплата,Самовивіз
898,2024-03-13,2024-03-14,94,13,163,68,1735.77,0.06,Завершено,Післяплата,Доставка
899,2024-01-29,2024-02-11,34,87,97,100,6605.19,0.13,Відвантажено,Передоплата,Нова пошта
900,2023-01-15,2023-01-28,31,90,150,47,1091.11,0.08,Завершено,Часткова оплата,Самовивіз
901,2024-08-13,2024-08-25,9,116,37,44,5099.65,0.1,Новий,Передоплата,Нова пошта
902,2024-10-26,2024-10-28,99,19,117,86,5777.78,0.14,Новий,Післяплата,Нова пошта
903,2024-07-31,2024-08-06,96,67,36,47,4096.05,0.11,Завершено,Часткова оплата,Самовивіз
904,2023-12-30,2024-01-10,14,116,23,48,3355.12,0.04,В обробці,Передоплата,Доставка
905,2024-08-21,2024-08-30,62,136,5,90,6658.79,0.04,Завершено,Передоплата,Нова пошта
906,2024-05-06,2024-05-12,99,16,36,37,5777.78,0.02,Відвантажено,Часткова оплата,Самовивіз
907,2023-01-22,2023-01-27,26,111,32,59,3967.94,0.05,В обробці,Часткова оплата,Нова пошта
908,2024-09-19,2024-09-27,56,147,174,37,5607.53,0.07,Новий,Передоплата,Самовивіз
909,2024-10-09,2024-10-13,86,53,93,58,4727.55,0.01,Новий,Передоплата,Доставка
910,2024-03-27,2024-04-02,79,2,56,62,6232.36,0.06,Відвантажено,Передоплата,Самовивіз
911,2024-07-26,2024-08-04,49,28,115,38,639.22,0.09,Новий,Часткова оплата,Самовивіз
912,2024-07-09,2024-07-17,34,58,119,45,6605.19,0.07,Новий,Часткова оплата,Нова пошта
913,2023-08-21,2023-08-28,58,88,32,62,4377.0,0.04,Новий,Часткова оплата,Доставка
914,2024-05-27,2024-06-10,30,148,56,80,5015.8,0.13,Завершено,Передоплата,Доставка
915,2024-10-29,2024-11-08,98,146,32,7,1279.42,0.06,В обробці,Часткова оплата,Самовивіз
916,2023-06-14,2023-06-16,79,40,5,42,6232.36,0.02,Відвантажено,Передоплата,Нова пошта
917,2023-03-22,2023-04-04,40,123,174,44,4283.42,0.09,В обробці,Передоплата,Самовивіз
918,2024-03-05,2024-03-18,25,79,163,100,667.98,0.12,В обробці,Післяплата,Самовивіз
919,2024-11-13,2024-11-16,96,148,27,89,4096.05,0.02,Відвантажено,Передоплата,Самовивіз
920,2024-12-17,2024-12-19,18,9,42,95,5135.95,0.03,Новий,Післяплата,Самовивіз
921,2023-07-05,2023-07-09,68,56,25,19,5493.44,0.15,Завершено,Післяплата,Самовивіз
922,2024-08-08,2024-08-21,33,78,174,80,6007.8,0.06,Відвантажено,Часткова оплата,Самовивіз
923,2024-12-23,2024-12-31,41,102,93,71,401.07,0.08,Завершено,Часткова оплата,Доставка
924,2023-09-06,2023-09-17,71,126,175,64,1747.23,0.15,Завершено,Післяплата,Доставка
925,2023-01-23,2023-01-30,28,127,182,76,3129.85,0.02,В обробці,Передоплата,Самовивіз
926,2023-09-03,2023-09-04,100,82,150,45,2465.28,0.08,Завершено,Часткова оплата,Самовивіз
927,2023-11-09,2023-11-16,14,53,115,4,3355.12,0.03,Новий,Післяплата,Доставка
928,2024-08-27,2024-09-07,99,118,119,59,5777.78,0.03,Новий,Передоплата,Нова пошта
929,2024-07-12,2024-07-20,81,57,56,92,1185.68,0.06,Завершено,Передоплата,Доставка
930,2023-08-29,2023-09-11,96,58,41,54,4096.05,0.12,Завершено,Передоплата,Самовивіз
931,2024-08-07,2024-08-14,42,64,182,93,6621.64,0.11,Новий,Часткова оплата,Доставка
932,2024-01-06,2024-01-18,70,102,37,13,1945.31,0.13,Відвантажено,Передоплата,Нова пошта
933,2023-01-13,2023-01-21,30,149,23,5,5015.8,0.03,Відвантажено,Передоплата,Нова пошта
934,2023-03-06,2023-03-13,65,36,37,20,5129.5,0.09,Відвантажено,Передоплата,Нова пошта
935,2023-05-30,2023-06-08,62,12,5,83,6658.79,0.04,Відвантажено,Післяплата,Нова пошта
936,2023-08-06,2023-08-08,33,88,174,70,6007.8,0.01,Завершено,Післяплата,Самовивіз
937,2023-09-16,2023-09-25,37,21,117,100,1896.22,0.11,Новий,Післяплата,Доставка
938,2024-11-19,2024-11-27,18,102,138,20,5135.95,0.13,Завершено,Передоплата,Доставка
939,2024-01-27,2024-01-28,36,89,97,71,2442.55,0.06,Новий,Часткова оплата,Нова пошта
940,2023-04-14,2023-04-24,54,56,23,69,1037.85,0.13,Відвантажено,Післяплата,Нова пошта
941,2023-02-24,2023-03-01,42,115,191,60,6621.64,0.07,Новий,Післяплата,Доставка
942,2023-11-26,2023-12-05,99,31,138,17,5777.78,0.04,Новий,Передоплата,Самовивіз
943,2024-09-08,2024-09-21,42,52,97,43,6621.64,0.13,В обробці,Передоплата,Доставка
944,2024-07-14,2024-07-18,61,107,150,88,6045.72,0.14,Новий,Передоплата,Самовивіз
945,2024-04-27,2024-05-10,41,123,174,53,401.07,0.11,В обробці,Часткова оплата,Самовивіз
946,2024-07-24,2024-08-03,26,12,119,45,3967.94,0.11,Відвантажено,Часткова оплата,Доставка
947,2023-03-28,2023-04-05,95,149,149,4,1319.74,0.03,Новий,Післяплата,Самовивіз
948,2024-01-20,2024-01-28,70,9,180,67,1945.31,0.08,В обробці,Часткова оплата,Нова пошта
949,2024-08-05,2024-08-06,42,57,25,51,6621.64,0.12,Завершено,Післяплата,Доставка
950,2023-11-11,2023-11-16,36,6,42,87,2442.55,0.0,Відвантажено,Часткова оплата,Нова пошта
951,2023-06-22,2023-06-28,44,44,93,63,6731.79,0.07,Завершено,Післяплата,Самовивіз
952,2023-03-22,2023-03-28,5,58,174,85,6141.12,0.06,Завершено,Передоплата,Нова пошта
953,2024-08-25,2024-09-06,81,46,27,45,1185.68,0.09,В обробці,Післяплата,Нова пошта
954,2023-05-09,2023-05-20,17,85,97,55,6825.2,0.11,Новий,Часткова оплата,Самовивіз
955,2024-07-16,2024-07-30,31,120,42,98,1091.11,0.07,Відвантажено,Післяплата,Доставка
956,2023-08-04,2023-08-11,15,15,149,64,1888.18,0.0,Завершено,Передоплата,Самовивіз
957,2023-10-18,2023-10-29,9,53,168,40,5099.65,0.15,Відвантажено,Передоплата,Самовивіз
958,2023-09-07,2023-09-12,98,28,180,29,1279.42,0.07,Завершено,Післяплата,Самовивіз
959,2024-07-30,2024-08-05,85,125,150,100,7401.68,0.02,Завершено,Післяплата,Доставка
960,2024-06-22,2024-06-24,73,10,37,3,4656.43,0.01,Відвантажено,Часткова оплата,Самовивіз
961,2024-07-23,2024-07-29,54,140,149,52,1037.85,0.13,В обробці,Післяплата,Нова пошта
962,2024-08-16,2024-08-23,25,108,26,17,667.98,0.08,Відвантажено,Післяплата,Нова пошта
963,2024-07-15,2024-07-24,77,73,37,24,2594.07,0.12,В обробці,Післяплата,Нова пошта
964,2024-06-04,2024-06-13,76,73,32,38,5996.98,0.09,В обробці,Часткова оплата,Самовивіз
965,2023-10-06,2023-10-20,24,78,180,94,211.24,0.04,Новий,Часткова оплата,Доставка
966,2023-02-09,2023-02-23,52,18,175,16,3088.92,0.09,В обробці,Часткова оплата,Нова пошта
967,2024-10-15,2024-10-27,17,101,36,47,6825.2,0.08,Завершено,Післяплата,Доставка
968,2023-04-30,2023-05-01,81,35,182,58,1185.68,0.12,В обробці,Часткова оплата,Доставка
969,2023-08-23,2023-08-28,73,60,191,21,4656.43,0.13,Відвантажено,Часткова оплата,Самовивіз
970,2024-04-28,2024-05-06,37,2,120,39,1896.22,0.03,Відвантажено,Передоплата,Доставка
971,2024-05-10,2024-05-16,91,60,191,39,5551.49,0.01,Відвантажено,Післяплата,Доставка
972,2023-02-19,2023-02-25,32,25,170,11,7390.74,0.09,Відвантажено,Часткова оплата,Доставка
973,2023-02-04,2023-02-05,85,33,137,31,7401.68,0.12,Завершено,Післяплата,Доставка
974,2023-10-08,2023-10-19,36,130,81,33,2442.55,0.1,Відвантажено,Передоплата,Самовивіз
975,2024-04-27,2024-04-28,81,49,119,36,1185.68,0.01,Новий,Післяплата,Доставка
976,2023-10-02,2023-10-07,25,43,191,16,667.98,0.03,Завершено,Післяплата,Самовивіз
977,2023-05-19,2023-05-27,16,28,170,44,5647.09,0.0,Завершено,Часткова оплата,Доставка
978,2023-10-17,2023-10-21,85,126,174,69,7401.68,0.02,Завершено,Передоплата,Доставка
979,2024-01-09,2024-01-18,70,96,119,74,1945.31,0.05,Відвантажено,Часткова оплата,Нова пошта
980,2023-08-29,2023-09-09,31,52,115,9,1091.11,0.0,В обробці,Передоплата,Доставка
981,2023-10-03,2023-10-06,90,87,23,51,3644.77,0.09,Новий,Післяплата,Самовивіз
982,2023-08-25,2023-09-03,16,20,32,20,5647.09,0.04,В обробці,Передоплата,Самовивіз
983,2024-07-30,2024-08-01,49,58,26,85,639.22,0.06,Новий,Передоплата,Самовивіз
984,2024-04-22,2024-04-25,94,56,5,55,1735.77,0.09,Відвантажено,Передоплата,Самовивіз
985,2024-12-18,2024-12-25,51,49,120,16,511.51,0.01,Відвантажено,Передоплата,Доставка
986,2023-11-26,2023-12-10,13,147,26,94,1425.51,0.02,В обробці,Передоплата,Самовивіз
987,2024-06-12,2024-06-13,33,82,23,76,6007.8,0.06,Завершено,Післяплата,Доставка
988,2023-06-11,2023-06-22,54,58,191,85,1037.85,0.12,В обробці,Післяплата,Самовивіз
989,2023-03-16,2023-03-24,33,28,26,30,6007.8,0.06,Новий,Передоплата,Нова пошта
990,2023-12-09,2023-12-16,36,128,149,95,2442.55,0.05,В обробці,Післяплата,Нова пошта
991,2023-10-31,2023-11-11,61,146,137,91,6045.72,0.08,Новий,Часткова оплата,Самовивіз
992,2023-10-28,2023-11-05,73,61,93,70,4656.43,0.15,Завершено,Післяплата,Нова пошта
993,2023-11-30,2023-12-08,86,129,138,34,4727.55,0.14,В обробці,Післяплата,Доставка
994,2024-10-23,2024-11-02,62,12,119,39,6658.79,0.09,В обробці,Передоплата,Самовивіз
995,2023-12-07,2023-12-09,34,100,137,73,6605.19,0.1,Відвантажено,Передоплата,Нова пошта
996,2023-07-10,2023-07-23,73,31,150,37,4656.43,0.07,Відвантажено,Часткова оплата,Доставка
997,2024-11-09,2024-11-17,41,73,191,1,401.07,0.13,В обробці,Часткова оплата,Нова пошта
998,2023-07-12,2023-07-19,81,63,182,34,1185.68,0.02,Завершено,Передоплата,Нова пошта
999,2023-11-15,2023-11-19,32,108,41,83,7390.74,0.02,Новий,Післяплата,Нова пошта
1000,2023-02-20,2023-02-28,100,27,168,15,2465.28,0.11,Завершено,Післяплата,Нова пошта
